Rotation -30 deg zeroZ 4400
1 -154.297 296.766 4394.831
2 -128.087 342.084 4394.255
3 -143.357 319.258 4395.349
4 -116.247 327.982 4395.736
5 -104.157 326.659 4395.512
6 -74.937 372.755 4395.542
7 -63.367 349.003 4397.015
8 -142.767 305.574 4395.238
9 1.633 386.536 4400.376
10 -63.687 361.876 4396.145
11 -75.627 356.804 4396.257
12 -150.877 282.374 4394.784
13 -140.807 274.785 4394.602
14 -76.427 326.935 4397.514
15 37.893 440.895 4398.871
16 -150.147 311.838 4394.790
17 28.113 416.650 4399.339
18 -102.297 356.787 4394.488
19 -89.377 366.483 4394.440
20 -50.037 356.180 4397.859
21 -24.347 371.441 4399.655
22 -76.447 341.806 4396.539
23 -126.177 326.687 4395.611
24 -145.797 289.413 4394.752
25 -129.527 309.359 4395.392
26 15.123 393.462 4400.530
27 -168.367 290.674 4395.440
28 -11.397 379.323 4400.360
29 -115.477 319.562 4395.733
30 -37.067 364.007 4398.815
31 -89.377 334.428 4396.171
32 -11.427 394.380 4400.094
33 27.693 431.597 4398.369
34 290.073 205.886 4399.038
35 -349.127 -445.403 4392.528
36 -167.147 -159.766 4395.253
37 -297.187 -384.787 4392.531
38 -349.157 -414.629 4392.735
39 -323.387 -176.492 4394.918
40 -298.897 -414.777 4393.791
41 -309.717 -378.113 4392.661
42 -349.227 -400.620 4392.779
43 -336.107 -183.017 4394.714
44 -204.517 -78.134 4394.116
45 -297.167 -490.399 4396.718
46 -297.167 -160.633 4395.435
47 -244.307 -145.569 4394.796
48 -232.027 -152.264 4394.764
49 -245.117 -160.590 4396.187
50 -322.277 -191.166 4395.551
51 -244.517 -505.190 4395.955
52 -305.857 -167.942 4395.739
53 -349.177 -175.505 4394.402
54 -284.317 -408.077 4395.147
55 -348.997 -325.576 4392.691
56 -297.117 -444.450 4396.950
57 -284.197 -137.984 4393.899
58 -308.597 -453.142 4396.466
59 -167.537 -69.027 4394.446
60 -141.277 -174.720 4395.526
61 -308.247 -467.981 4396.686
62 -258.387 -482.932 4397.276
63 157.993 -170.843 4403.961
64 -153.387 -108.094 4395.050
65 -258.187 -512.824 4396.984
66 -334.597 -392.978 4392.749
67 -426.137 -250.767 4393.122
68 -401.837 -192.741 4392.780
69 -297.237 -354.791 4392.963
70 -309.977 -362.421 4392.452
71 -245.277 -520.392 4396.971
72 -323.187 -399.731 4392.614
73 121.123 -170.876 4401.618
74 -309.987 -349.359 4393.088
75 -284.237 -377.093 4392.506
76 -309.587 -392.257 4392.438
77 -180.187 -78.059 4394.234
78 -298.747 -370.907 4392.710
79 -323.237 -474.611 4396.160
80 -325.427 -416.154 4392.289
81 -193.327 -84.915 4393.817
82 -336.147 -228.014 4394.947
83 -167.297 -129.908 4394.673
84 -193.327 -71.110 4394.178
85 -179.627 -136.990 4394.892
86 -193.237 -54.776 4394.143
87 -167.247 -99.732 4394.316
88 -193.157 -114.822 4394.281
89 -336.257 -467.149 4392.873
90 -193.747 -41.794 4394.165
91 -178.737 -123.116 4394.666
92 -179.467 -33.092 4394.785
93 -180.197 -48.101 4394.306
94 -193.527 -130.548 4394.911
95 -232.277 -498.074 4397.126
96 -193.227 -160.524 4394.824
97 -310.207 -512.132 4396.410
99 -310.197 -482.103 4396.530
100 -167.617 -116.307 4394.499
101 -171.777 -171.333 4395.178
102 -362.147 -482.069 4391.810
103 -153.417 -168.091 4395.336
104 -279.967 -152.723 4395.520
105 -170.017 -142.348 4395.191
106 -199.647 -123.302 4394.414
107 -220.187 -87.323 4393.715
108 -222.377 -112.438 4394.422
109 -178.637 -63.021 4394.380
110 -176.717 -153.765 4395.033
111 -153.517 -150.861 4395.513
112 -310.177 -542.974 4396.200
113 -232.197 -483.089 4397.390
114 -167.027 -58.490 4394.523
115 -336.197 -527.097 4396.047
116 -154.077 -181.589 4395.709
117 -336.227 -497.088 4395.963
118 -116.457 -160.476 4395.625
119 -399.447 -235.250 4393.469
120 -219.337 -505.592 4397.331
121 -336.097 -452.030 4392.538
122 -144.137 -105.154 4394.688
123 -153.217 -138.153 4395.198
124 -361.847 -228.082 4394.188
125 -400.997 -204.593 4393.416
126 -127.407 -165.274 4395.594
127 -375.057 -235.340 4393.902
128 -154.197 -122.248 4394.907
129 -336.137 -437.921 4392.024
130 -401.357 -221.171 4393.269
131 -128.007 -152.204 4395.608
132 -349.077 -190.614 4394.573
133 -401.077 -250.528 4393.029
134 -141.177 -113.079 4394.963
135 -335.427 -213.158 4394.947
136 -361.457 -183.107 4394.500
137 -335.097 -199.785 4395.001
138 -412.787 -270.630 4393.288
139 -193.307 -144.758 4394.894
140 -271.167 -490.322 4397.281
141 -193.057 -24.675 4394.455
142 -245.257 -490.525 4397.290
143 -271.177 -460.331 4397.477
144 -297.077 -460.353 4397.221
145 -258.077 -497.855 4397.301
146 -284.087 -467.788 4396.969
147 -284.017 -481.954 4397.188
148 -297.247 -475.440 4396.950
149 -414.087 -213.009 4393.233
150 -324.827 -385.653 4392.466
152 -245.067 -70.431 4394.557
153 -415.767 -247.892 4393.208
154 -271.187 -400.530 4396.807
155 -427.017 -235.403 4393.012
156 -258.207 -378.172 4397.496
157 -378.367 -213.916 4393.787
158 -259.477 -82.527 4395.592
159 -154.057 -93.434 4394.365
160 -386.517 -212.879 4393.273
161 -427.157 -220.388 4393.121
162 -284.077 -437.839 4397.213
163 -362.077 -167.988 4394.161
164 -177.987 -165.903 4395.712
165 -141.277 -190.465 4395.977
166 -414.087 -227.858 4393.386
167 -295.347 -144.149 4393.571
168 -141.357 -133.733 4395.465
169 -311.587 -149.979 4394.873
170 -258.207 -452.844 4397.423
171 -271.167 -445.301 4397.459
172 -128.327 -138.046 4395.474
173 -245.317 -475.540 4397.547
174 -245.217 -460.582 4397.770
175 -258.057 -467.835 4397.637
176 -232.197 -512.881 4397.166
177 -141.277 -144.681 4395.574
178 -178.397 -93.283 4393.837
179 -375.177 -205.765 4393.793
180 -204.617 -108.207 4394.104
181 -180.237 -108.192 4394.363
182 -167.777 -86.978 4394.132
183 -193.867 -101.466 4394.008
184 -282.107 -363.048 4392.573
185 -386.417 -183.133 4392.859
186 -387.997 -197.218 4393.211
187 -375.047 -190.518 4393.620
188 -379.977 -173.494 4393.212
189 -271.157 -475.347 4397.403
190 -427.187 -266.229 4393.058
191 -363.517 -217.473 4394.363
192 -386.707 -230.340 4393.433
193 -414.047 -256.999 4393.397
194 -361.677 -198.018 4394.577
195 -348.267 -206.084 4394.758
196 -282.677 -393.063 4392.850
197 -349.497 -221.027 4394.601
198 -324.717 -205.468 4395.344
199 -388.007 -242.941 4393.545
200 -436.617 -258.817 4392.821
201 -336.147 -168.430 4393.539
202 -317.227 -160.391 4394.577
203 -439.977 -227.845 4392.840
204 -349.057 -384.690 4392.940
205 -284.157 -556.983 4397.023
206 -336.197 -377.178 4392.766
207 -323.127 -339.713 4392.967
208 -349.047 -370.559 4392.963
209 -258.177 -542.830 4396.748
210 -349.057 -340.543 4392.653
211 -324.767 -355.721 4392.744
212 -284.177 -497.983 4396.838
213 -271.227 -385.677 4395.685
214 -349.187 -355.576 4392.647
215 -271.187 -505.365 4396.886
216 -284.137 -526.977 4396.908
217 -219.267 -490.639 4397.363
218 27.583 -528.507 4417.928
219 -219.237 -445.640 4398.144
220 -193.387 -535.570 4398.383
221 -206.287 -528.047 4398.096
222 -180.387 -543.037 4398.131
223 -206.297 -483.113 4397.792
224 -219.297 -460.593 4397.810
225 -180.417 -513.097 4398.457
226 -219.267 -475.605 4397.668
227 -464.077 -257.937 4392.854
228 -439.947 -287.968 4392.701
229 -193.377 -460.631 4398.367
230 -206.327 -542.185 4398.100
231 -180.417 -528.068 4398.208
232 -428.557 -295.556 4393.058
233 -479.147 -279.549 4392.682
234 -466.007 -273.006 4392.713
235 -492.037 -317.972 4392.392
236 404.773 33.458 4401.674
237 -482.227 -295.769 4392.475
238 -455.097 -280.770 4393.147
239 -452.907 -294.662 4392.779
240 -362.097 -287.200 4393.787
241 -492.027 -347.170 4392.521
242 -466.077 -362.169 4392.069
243 -479.397 -308.955 4392.395
244 -362.147 -273.063 4394.101
245 -154.277 -243.178 4396.877
246 -324.087 -325.553 4392.858
247 -313.967 -340.048 4392.963
248 -334.527 -333.066 4392.606
249 -297.287 -429.875 4395.609
250 -388.267 -438.019 4391.754
251 -309.107 -407.353 4393.269
252 -376.877 -415.461 4391.801
253 -414.127 -452.160 4392.006
254 -414.007 -479.370 4391.793
255 -376.807 -430.399 4391.610
256 -388.037 -347.965 4392.008
257 -426.987 -370.495 4391.979
258 -362.187 -362.241 4391.952
259 -361.767 -348.042 4393.006
260 -362.127 -332.998 4392.744
261 -427.437 -386.805 4391.458
262 -401.077 -384.728 4392.395
263 -414.057 -362.992 4392.181
264 -466.027 -422.974 4391.450
265 -362.107 -407.219 4392.976
266 -362.067 -393.032 4391.615
267 -414.067 -392.264 4392.256
268 -180.407 -437.285 4398.255
269 -167.447 -445.594 4398.694
270 -180.267 -422.312 4398.779
271 -232.297 -587.052 4396.882
272 92.243 -386.429 4412.191
273 -167.377 -429.808 4398.539
274 14.673 -535.510 4417.397
275 -154.417 -453.116 4398.897
276 -170.817 -421.910 4398.788
277 -245.107 -400.566 4397.959
278 -258.137 -422.839 4397.574
279 -232.257 -423.134 4398.228
280 -232.257 -408.121 4398.217
281 -245.167 -415.553 4398.094
282 -206.227 -453.139 4398.003
283 -336.217 -347.242 4392.692
284 -193.337 -445.568 4398.123
285 -375.207 -369.656 4391.962
286 -387.287 -363.103 4391.998
287 -219.277 -430.596 4398.555
289 -219.237 -415.632 4398.613
290 -492.007 -287.981 4392.128
291 -334.467 -365.670 4392.583
292 -206.297 -422.294 4398.782
293 41.063 -565.883 4417.844
294 -193.297 -430.619 4398.773
295 -401.157 -295.553 4393.117
296 -375.097 -310.555 4392.961
297 -387.987 -303.018 4393.111
298 -362.137 -452.998 4392.386
299 -414.037 -303.006 4393.155
300 -362.207 -422.981 4392.523
301 -375.807 -295.934 4392.934
302 -232.257 -452.273 4397.949
303 -388.957 -287.675 4392.958
304 -360.587 -437.890 4392.515
305 -388.147 -318.065 4393.233
306 -349.207 -430.417 4392.832
308 -440.067 -437.156 4391.245
309 -362.017 -377.997 4392.817
310 -323.297 -369.662 4392.505
311 -336.087 -407.108 4392.386
312 -375.907 -357.430 4391.626
313 -349.087 -265.517 4395.730
314 -245.317 -445.552 4397.919
315 64.223 -399.605 4411.738
316 27.653 -573.127 4417.066
317 -438.337 -303.074 4392.665
318 -206.297 -498.121 4398.139
319 -23.297 -272.492 4400.352
320 80.953 -393.690 4411.584
321 418.183 26.578 4401.390
322 -115.257 -128.721 4395.586
323 -440.057 -378.014 4392.144
324 -466.067 -392.171 4392.461
325 -440.057 -407.119 4391.713
326 -167.337 -235.653 4397.126
327 -152.637 -200.013 4396.452
328 -401.137 -354.617 4392.258
329 -412.497 -348.071 4392.543
330 -401.057 -341.904 4391.974
331 -178.627 -198.280 4395.916
332 -154.267 -258.142 4397.326
333 -427.697 -280.408 4393.079
334 -167.347 -250.623 4397.070
335 -154.327 -228.115 4397.319
336 -193.347 -520.596 4398.422
337 -517.977 -242.957 4392.208
338 -427.067 -310.438 4393.120
339 -401.037 -264.663 4392.889
340 -531.597 -207.543 4392.172
341 -375.157 -279.716 4393.118
342 -518.097 -213.175 4392.298
343 -386.577 -272.082 4393.325
344 -388.047 -258.054 4393.190
345 -452.997 -263.936 4392.742
346 -480.047 -267.761 4392.587
347 -193.377 -414.687 4398.773
348 3.503 -155.813 4397.275
349 -219.297 -399.747 4398.656
350 -362.227 -512.545 4395.380
351 -258.237 -572.017 4396.872
352 -440.037 -362.952 4392.302
353 92.573 -175.912 4400.227
354 -232.127 -557.006 4397.265
355 -387.897 -333.014 4391.983
356 -375.127 -339.682 4392.566
357 -427.567 -357.365 4392.302
358 -206.347 -513.076 4398.086
359 -206.247 -408.129 4399.069
360 -362.027 -317.206 4392.838
361 -438.307 -333.120 4391.771
362 -492.027 -257.153 4392.040
363 -490.757 -243.097 4392.422
364 -440.097 -347.991 4392.061
365 -453.947 -342.836 4391.762
366 -544.067 -287.990 4392.278
367 -518.147 -302.998 4392.257
368 -11.267 -445.686 4408.328
369 -401.067 -325.600 4392.529
370 -323.127 -219.705 4396.271
371 -517.977 -333.039 4392.003
372 -544.117 -317.939 4391.587
373 79.693 -408.017 4411.017
374 -414.027 -333.036 4391.702
375 -505.387 -251.930 4392.173
376 -258.127 -407.929 4397.755
377 -387.387 -497.985 4391.243
378 -388.187 -468.024 4392.253
379 -569.937 -242.989 4393.115
380 -362.057 -258.110 4394.345
381 -375.157 -265.590 4394.055
382 -283.647 -422.156 4396.776
383 -505.357 -264.173 4392.139
384 -112.697 -190.637 4395.486
385 -375.117 -249.673 4394.238
386 -505.047 -235.425 4392.355
387 -516.307 -227.879 4392.481
388 -219.207 -520.335 4397.561
389 -362.067 -243.051 4394.338
390 -284.147 -452.810 4397.017
391 -245.247 -430.585 4398.058
392 -206.307 -468.117 4398.109
393 -271.297 -415.532 4397.381
394 -271.077 -430.314 4397.650
395 -232.257 -437.279 4397.999
396 -232.287 -468.114 4397.675
397 -180.397 -558.064 4397.975
398 -258.147 -437.821 4397.911
399 -232.127 -527.953 4396.958
400 -491.957 -377.075 4392.467
401 -414.137 -423.035 4392.379
402 -206.457 -572.155 4397.216
403 -464.627 -317.188 4392.426
404 -454.577 -324.624 4392.160
405 -439.957 -317.970 4392.364
406 -388.137 -378.034 4392.126
407 -466.117 -302.937 4392.430
408 -219.057 -131.380 4394.839
409 -375.117 -399.717 4392.023
410 -375.367 -386.234 4392.025
411 -387.937 -423.057 4391.347
412 -388.177 -407.136 4392.076
413 -334.567 -422.939 4392.190
414 265.303 -199.784 4407.459
415 -102.137 -153.008 4395.450
416 249.343 -176.555 4406.220
417 249.203 -205.635 4408.470
418 -481.027 -248.997 4392.502
419 -490.117 -273.090 4392.373
420 -145.097 -155.385 4395.657
421 -375.137 -325.429 4392.563
422 -244.997 -84.818 4393.266
423 340.233 -18.351 4401.227
424 366.213 -3.302 4401.238
425 236.203 -168.446 4405.255
426 118.883 -162.565 4400.316
427 -439.957 -168.054 4392.133
428 -414.027 -153.124 4392.377
429 -426.907 -160.598 4392.294
430 339.993 11.964 4400.473
431 353.023 19.472 4400.769
432 327.123 4.426 4400.460
433 340.053 -3.166 4400.767
434 -228.787 -65.896 4394.395
435 -452.827 -160.562 4392.183
436 -258.097 -183.012 4401.270
437 419.713 71.611 4405.400
438 353.183 -9.525 4401.051
439 379.153 34.509 4401.901
440 444.363 26.613 4401.617
441 405.263 63.997 4403.011
442 353.213 34.105 4401.932
443 301.363 1.083 4398.900
444 443.423 41.547 4402.253
445 288.383 -77.538 4400.356
446 352.943 63.617 4401.180
447 222.913 -55.964 4400.959
448 223.543 -39.930 4400.515
449 353.193 79.151 4401.618
450 378.453 229.173 4401.706
451 -479.027 -160.726 4392.435
452 -232.177 -78.164 4393.504
453 404.973 3.471 4401.178
454 -543.237 -256.520 4392.195
455 431.203 -10.471 4401.610
456 428.513 -26.597 4401.579
457 -517.017 -270.894 4391.550
458 418.213 -32.452 4401.459
459 327.323 -70.940 4401.216
460 -531.097 -188.746 4392.141
461 326.463 -53.821 4401.518
462 340.073 -78.404 4401.596
463 405.333 19.082 4401.374
464 314.173 -62.505 4401.005
465 223.643 -116.051 4401.365
466 367.453 86.323 4401.949
467 210.173 -123.427 4401.242
468 391.953 26.795 4401.843
469 -51.297 -632.224 4415.703
470 327.183 64.238 4400.601
471 236.253 -108.389 4401.062
472 379.203 94.134 4402.691
473 16.643 -431.675 4409.703
474 340.303 56.529 4401.174
475 210.013 -78.099 4400.037
476 392.263 -3.359 4401.381
478 210.293 -108.494 4400.650
479 223.113 -101.064 4400.605
480 210.713 -65.326 4400.209
481 -271.587 -146.603 4395.205
482 392.243 11.617 4401.311
483 -102.517 -139.452 4395.276
484 210.293 -93.473 4400.243
485 -245.437 -131.572 4393.818
486 223.213 -85.866 4400.468
487 222.923 -71.021 4400.100
488 288.073 -183.180 4407.028
489 314.163 -168.552 4406.515
490 301.023 -176.070 4406.914
491 -75.757 -498.463 4407.356
492 -128.017 -543.259 4399.938
493 -36.657 -475.185 4411.898
494 104.923 -415.992 4411.283
496 -19.697 -452.901 4409.309
497 1.863 -438.063 4409.633
498 -24.307 -512.053 4415.120
499 29.083 -483.196 4411.738
500 -37.257 -460.699 4410.337
501 -257.927 -168.128 4399.468
502 16.723 -566.998 4415.559
503 -126.357 -528.039 4400.962
504 -272.137 -161.126 4396.198
505 431.363 79.134 4403.488
506 455.403 93.010 4404.185
507 -231.197 -92.029 4393.825
508 469.903 85.955 4403.100
509 470.363 71.658 4402.860
510 470.223 42.442 4402.338
511 -303.377 -182.672 4397.671
512 444.303 70.820 4402.682
513 470.303 56.625 4402.395
514 457.343 79.123 4403.026
515 262.303 -18.377 4400.287
516 -218.997 -101.005 4395.171
517 249.143 -40.641 4400.340
518 -245.187 -100.474 4395.124
519 274.973 -25.696 4400.731
520 -229.047 -108.921 4395.675
521 249.273 -25.875 4400.572
522 -274.877 -116.100 4394.430
523 -271.017 -130.691 4394.010
524 -271.177 -220.762 4400.841
525 -284.167 -120.352 4393.734
526 275.013 -11.155 4399.913
527 288.603 -3.559 4399.799
528 301.083 -10.726 4399.826
529 -0.197 -557.968 4413.450
530 -11.217 -550.542 4412.483
531 105.473 -543.861 4415.663
532 -12.167 -537.416 4415.716
533 80.823 -513.102 4414.877
534 1.733 -543.032 4415.546
535 92.673 -505.471 4414.042
536 -37.317 -564.626 4410.875
537 -50.167 -573.041 4410.285
538 -25.187 -498.236 4413.829
539 79.553 -123.277 4398.019
540 -43.497 -496.653 4412.779
541 2.553 -574.367 4414.207
542 -37.037 -490.740 4413.087
543 81.773 -423.028 4410.805
544 53.693 -513.014 4416.903
545 80.293 -468.267 4410.988
546 67.623 -443.857 4410.191
547 66.323 -505.618 4415.712
548 -23.647 -589.353 4413.869
549 104.753 -395.177 4411.579
550 105.623 -467.925 4411.658
551 79.893 -378.373 4411.892
552 91.793 -536.460 4416.102
553 -49.757 -483.698 4410.471
554 89.453 -476.423 4411.594
555 101.463 -157.085 4399.902
556 53.793 -499.668 4416.472
557 67.513 -522.291 4416.378
558 101.713 -107.920 4398.690
559 100.753 -123.396 4396.069
560 103.413 -203.052 4404.152
561 -50.067 -468.744 4410.257
562 54.393 -543.958 4417.051
563 54.423 -526.076 4417.397
564 102.033 -144.815 4399.721
565 102.293 -182.850 4401.179
566 92.563 -128.083 4396.057
567 40.443 -505.900 4417.194
568 -24.437 -573.927 4412.692
569 -63.467 -566.788 4409.648
570 -63.407 -205.711 4396.369
571 -75.697 -303.304 4399.067
572 -25.097 -529.940 4413.966
573 -37.167 -505.606 4412.838
575 67.243 -492.328 4413.895
576 1.783 -453.065 4409.471
577 262.083 -92.393 4400.764
578 483.343 109.170 4402.822
579 392.373 56.569 4402.582
580 -86.047 -205.080 4396.116
581 327.163 18.982 4401.110
582 457.203 19.946 4401.831
583 -86.817 -520.790 4405.700
584 441.823 54.783 4402.769
585 431.413 63.382 4402.613
586 456.803 33.465 4401.968
587 379.363 49.112 4402.756
588 -75.877 -379.951 4403.845
589 470.343 101.667 4403.097
590 314.173 11.571 4400.665
591 340.253 26.642 4401.163
592 366.233 41.662 4402.266
593 66.733 -415.526 4411.267
594 457.173 49.144 4402.255
595 -74.627 -204.846 4396.274
596 40.773 -476.067 4410.276
597 37.533 -491.156 4413.404
598 -76.267 -213.001 4396.557
599 -11.447 -205.859 4397.544
600 -282.937 -168.562 4396.734
601 27.743 -468.020 4409.485
602 -232.127 -167.973 4396.140
603 -259.127 -157.888 4395.688
604 57.613 -437.904 4410.728
605 -98.077 -557.663 4405.841
606 -297.207 -175.889 4396.229
607 14.673 -489.853 4412.916
608 28.653 -542.964 4416.768
609 30.203 -499.432 4415.904
610 1.463 -498.773 4415.953
611 -76.177 -543.083 4406.588
612 -89.087 -550.494 4405.942
613 41.553 -552.241 4417.090
614 106.083 -441.089 4411.369
615 -90.717 -535.500 4404.188
616 28.293 -513.434 4417.422
617 -141.227 -250.663 4396.881
618 -141.047 -520.748 4400.239
619 -76.517 -528.843 4406.432
620 -141.247 -505.768 4400.102
621 -15.077 -168.127 4397.225
622 -50.387 -228.281 4396.742
623 11.413 -152.667 4397.280
624 -11.467 -175.750 4396.860
625 14.563 -160.844 4397.078
626 134.293 -81.472 4399.090
627 -24.407 -183.273 4396.867
628 1.633 -168.257 4396.999
629 1.503 -408.641 4409.423
630 -74.297 -479.613 4407.343
631 50.983 -453.109 4409.722
632 67.083 -462.246 4410.668
633 1.523 -333.226 4406.073
634 2.373 -301.842 4405.314
635 14.683 -310.667 4407.077
636 -11.587 -310.793 4404.422
637 -63.387 -491.487 4408.923
638 -206.317 -333.000 4404.915
639 -219.707 -385.548 4398.885
640 -193.827 -399.572 4399.394
641 -243.337 -370.613 4398.325
642 -11.197 -295.884 4403.298
643 -12.747 -329.572 4405.395
644 -210.517 -398.194 4398.816
645 1.623 -318.158 4406.521
646 40.213 -159.436 4396.006
647 1.703 -468.190 4409.499
648 -11.387 -489.479 4413.255
649 12.783 -474.506 4409.734
650 -193.647 -357.121 4402.888
651 14.083 -463.303 4409.338
652 73.323 -116.832 4398.193
653 -64.157 -519.652 4407.817
654 1.703 -482.015 4411.123
655 -11.257 -475.581 4411.789
656 79.703 -498.035 4412.717
657 104.763 -453.685 4411.072
658 92.583 -490.429 4412.031
659 2.033 -363.705 4406.365
660 -128.167 -109.209 4394.941
661 66.793 -295.805 4410.290
662 -112.317 -147.112 4396.055
663 79.803 -303.252 4411.374
664 -24.197 -377.217 4405.332
665 65.933 -310.861 4410.091
666 -128.027 -558.114 4400.635
667 -138.157 -535.328 4399.176
668 -145.477 -549.366 4399.647
669 -89.737 -294.001 4398.106
670 -89.027 -565.893 4407.070
671 -127.647 -516.161 4401.011
672 -63.547 -474.142 4408.766
673 56.373 -555.124 4418.321
674 92.493 -370.062 4412.309
675 -115.067 -490.503 4401.003
676 67.563 -535.027 4417.120
677 -48.587 -543.810 4410.203
678 -103.707 -540.165 4402.586
679 -93.327 -510.185 4405.916
680 28.893 -561.492 4416.741
681 -102.267 -528.034 4402.757
682 92.593 -565.573 4419.111
683 -15.577 -567.209 4412.544
685 -24.417 -438.223 4407.678
686 66.703 -384.608 4411.789
687 105.693 -558.035 4416.872
688 107.293 -503.126 4413.323
689 -50.367 -438.283 4406.521
690 105.703 -528.042 4415.392
691 66.773 -551.302 4417.849
692 -49.897 -423.852 4404.744
693 26.833 -618.190 4422.659
694 52.903 -603.103 4421.964
695 40.603 -145.735 4397.335
696 66.543 -144.951 4396.574
697 53.583 -631.457 4426.189
698 78.893 -619.439 4424.349
699 -76.737 -588.361 4409.864
700 -89.367 -280.778 4397.684
701 1.453 -603.185 4417.841
702 27.363 -588.378 4418.400
703 -50.527 -603.234 4412.814
704 -0.027 -633.199 4420.303
705 -37.347 -280.827 4400.388
706 37.033 -138.438 4397.606
707 -102.397 -603.237 4406.831
708 -75.437 -618.313 4411.667
709 105.343 -603.285 4420.160
710 80.933 -587.936 4423.423
711 14.933 -173.591 4395.657
712 104.863 -573.243 4419.272
713 131.253 -618.240 4419.747
714 117.773 -569.093 4418.208
715 -66.907 -198.750 4396.502
716 -49.907 -198.293 4396.595
717 -63.807 -218.670 4395.148
718 92.653 -145.528 4399.537
719 -40.717 -183.920 4396.854
720 -206.187 -62.991 4393.961
721 -194.707 -206.547 4397.233
722 -219.117 -58.026 4394.422
723 -220.797 -70.478 4393.486
724 -303.857 -211.762 4397.676
725 -297.427 -401.474 4392.620
726 -323.117 -460.417 4394.939
727 183.973 87.053 4398.601
728 1.733 -528.018 4417.511
729 -100.077 -170.003 4396.416
730 -132.947 -130.070 4395.559
731 -88.967 -160.894 4395.350
732 92.373 -550.671 4416.957
733 -50.047 -452.081 4407.822
734 82.643 -528.128 4416.239
735 79.853 -558.168 4419.373
736 -75.347 -467.132 4407.719
737 -48.637 -528.205 4409.596
738 27.513 -153.273 4397.203
739 -24.487 -618.184 4416.210
740 66.503 -130.848 4397.704
741 80.673 -138.549 4397.781
742 92.033 -116.769 4398.283
743 2.633 -513.443 4415.974
744 40.463 -250.001 4402.619
745 105.263 -484.034 4411.878
746 40.473 -235.895 4401.798
747 53.463 -243.435 4402.952
748 53.483 -228.394 4402.302
749 27.363 -273.367 4404.537
750 53.573 -213.410 4401.008
751 27.473 -228.417 4399.912
752 40.413 -220.810 4400.477
753 27.483 -258.259 4402.540
754 41.023 -265.894 4404.565
755 14.453 -235.868 4399.655
756 1.503 -244.694 4399.118
757 196.453 51.717 4397.562
758 53.563 -572.603 4419.783
759 -24.447 -288.327 4401.432
760 27.583 -243.373 4401.394
761 53.573 -467.095 4409.925
762 104.293 -354.984 4413.481
763 -63.157 -505.555 4408.473
764 65.683 -563.234 4419.939
765 -11.407 -250.815 4398.775
766 14.543 -280.934 4404.532
767 1.583 -258.371 4401.006
768 1.523 -288.407 4404.477
769 -63.397 -235.962 4397.298
770 -7.587 -275.644 4401.366
771 1.523 -273.351 4401.992
772 102.013 -243.553 4407.938
773 28.323 -438.103 4409.724
774 -62.827 -536.394 4408.983
775 195.973 125.440 4397.852
776 -37.207 -550.031 4410.747
777 93.333 -521.737 4415.437
778 -206.877 -598.802 4396.884
779 53.523 -138.434 4398.133
780 -285.027 -347.712 4394.572
781 104.463 -257.483 4409.921
782 -93.047 -446.118 4404.443
783 -23.257 -469.444 4412.434
784 -31.857 -515.388 4413.454
785 -63.307 -459.394 4407.852
786 78.083 -543.260 4416.860
787 -24.287 -481.604 4413.242
788 53.823 -422.992 4410.778
789 104.203 -232.818 4406.504
790 40.643 -454.557 4409.622
791 -50.457 -243.639 4397.418
792 -50.367 -258.424 4398.803
793 90.473 -460.616 4411.483
794 14.623 -504.784 4415.892
795 -10.527 -519.623 4415.693
796 -20.707 -213.199 4397.673
797 -102.067 -514.110 4402.693
798 -36.967 -536.448 4412.318
799 -89.307 -264.951 4396.986
800 -76.117 -513.065 4407.147
801 -24.147 -557.978 4411.155
802 -127.497 -303.413 4398.298
803 -115.117 -505.589 4402.283
804 -115.547 -537.303 4401.605
805 -11.327 -505.533 4415.766
806 -24.257 -543.104 4412.106
807 -115.127 -520.514 4401.851
808 -89.567 -490.654 4406.017
809 -115.157 -550.506 4402.834
810 -180.497 -587.126 4397.707
811 -128.527 -618.285 4404.628
812 -128.327 -588.071 4403.682
813 -154.297 -603.152 4401.781
814 -154.287 -528.231 4399.547
815 -37.497 -251.530 4398.497
816 27.613 -423.264 4410.175
817 -154.387 -573.156 4398.604
818 40.043 -415.836 4410.983
819 -37.497 -190.786 4396.818
820 -152.937 -542.093 4398.314
821 -219.647 -327.031 4402.954
822 53.503 -168.372 4398.997
823 53.993 -408.337 4411.413
824 1.543 -423.210 4409.113
825 -11.847 -339.708 4406.092
826 79.483 -153.396 4399.233
827 -24.377 -333.180 4405.778
828 14.563 -190.899 4398.679
829 1.513 -198.353 4398.422
830 27.573 -183.440 4398.700
831 40.383 -175.031 4398.899
832 66.473 -160.832 4398.854
833 -24.427 -318.172 4404.446
834 -24.407 -303.101 4403.574
835 -37.357 -325.622 4404.599
836 -37.497 -220.902 4396.767
837 205.173 -24.271 4398.527
838 -89.357 -235.816 4396.355
839 -140.697 -356.233 4402.837
840 -152.787 -375.055 4400.819
841 -154.337 -363.134 4402.001
842 40.933 -446.247 4409.459
843 -50.217 -513.066 4409.972
844 27.673 -453.108 4409.342
845 -102.397 -243.268 4396.675
846 14.463 -264.927 4401.775
847 -96.727 -257.614 4397.412
848 -115.417 -251.499 4396.914
849 -115.197 -235.767 4396.494
850 40.723 -430.531 4410.598
851 -193.217 -189.891 4395.831
852 14.833 -444.461 4409.613
853 91.203 -416.777 4410.718
854 78.163 -452.202 4410.548
855 92.783 -429.638 4410.766
856 80.133 -483.170 4411.928
857 79.763 -438.034 4410.659
858 -115.177 -565.741 4403.007
859 92.273 -446.154 4411.063
860 -101.857 -454.281 4403.440
861 -76.807 -453.309 4406.354
862 -63.347 -445.358 4406.262
863 104.883 -423.086 4411.168
864 -115.287 -430.531 4403.172
865 -138.817 -340.087 4404.517
866 -115.007 -221.105 4396.106
867 -244.867 -235.616 4402.718
868 -127.717 -438.201 4403.072
869 -128.407 -453.030 4400.555
870 -11.597 -266.113 4400.985
871 -115.797 -477.388 4400.080
872 -128.297 -483.233 4399.661
873 -124.777 -333.036 4403.593
874 -127.937 -243.241 4396.833
875 -128.247 -258.167 4397.087
876 -154.287 -303.086 4400.148
877 92.033 -400.743 4411.366
878 53.583 -483.023 4411.557
879 40.643 -520.508 4417.376
880 -180.257 -363.152 4402.789
881 40.263 -535.085 4416.659
882 196.303 213.755 4399.761
883 -126.367 -230.409 4396.257
884 -141.367 -220.645 4396.507
885 14.643 -520.606 4417.715
886 53.393 -348.273 4411.496
887 53.553 -378.273 4411.685
888 -141.177 -265.643 4397.146
889 -141.217 -235.706 4396.887
890 -115.227 -295.815 4397.772
891 54.453 -364.553 4411.366
892 -219.027 -249.798 4400.303
893 27.823 -378.600 4410.164
894 -101.857 -288.310 4397.666
895 92.413 -279.909 4410.631
896 -115.357 -265.906 4397.101
897 79.493 -258.040 4407.601
898 92.563 -250.630 4407.854
899 -128.497 -288.179 4397.542
900 -205.337 -197.903 4397.167
901 195.793 -4.052 4398.835
902 -191.277 -292.724 4399.756
903 -245.007 -251.951 4400.663
904 -205.047 -257.230 4400.062
905 -220.447 -282.107 4402.015
906 -231.017 -272.009 4401.218
907 -115.337 -280.853 4397.378
908 -206.047 -183.185 4395.410
909 -220.057 -266.654 4401.135
910 -413.917 -167.241 4392.963
911 482.123 -25.065 4402.304
912 -412.347 -198.344 4393.377
913 27.563 -303.160 4407.367
914 -402.667 -370.589 4392.436
915 -336.587 -318.112 4392.891
916 -517.847 -183.142 4392.676
917 -452.907 -205.613 4392.837
918 14.493 -250.852 4401.560
919 -466.047 -332.140 4392.370
920 -37.407 -264.859 4399.079
921 -37.477 -310.690 4403.353
922 -218.057 -208.550 4399.978
923 -24.557 -258.404 4398.727
924 -50.487 -273.288 4399.665
925 -167.697 -341.494 4407.467
926 -165.497 -325.775 4403.506
927 -153.747 -318.220 4400.837
928 -154.347 -332.225 4403.465
929 -50.537 -318.167 4403.095
930 66.293 -432.036 4410.654
931 -49.787 -558.153 4410.191
932 66.733 -474.586 4411.202
933 102.593 -363.787 4413.013
934 377.883 213.822 4401.118
935 14.463 -325.925 4407.338
936 -50.137 -393.055 4403.853
937 -49.237 -408.343 4404.685
938 -88.917 -476.197 4404.880
939 -76.087 -558.016 4406.934
940 -63.247 -548.791 4408.506
941 -102.407 -273.248 4397.077
942 -89.457 -310.765 4399.797
943 -206.147 -213.185 4397.747
944 -218.567 -221.852 4400.161
945 -76.427 -333.190 4402.747
947 27.543 -318.268 4407.461
948 -117.657 -309.389 4398.697
949 -167.317 -385.663 4399.622
950 -63.867 -324.122 4402.211
951 -76.437 -318.160 4399.902
952 -63.507 -339.017 4403.828
953 -154.017 -349.650 4405.611
954 -102.937 -483.053 4402.256
955 -101.897 -573.082 4405.841
956 -115.347 -370.710 4401.204
957 -172.697 -356.909 4404.888
958 -180.257 -348.199 4407.476
959 -257.957 -123.126 4394.041
960 -206.087 -153.079 4395.286
961 -100.437 -468.154 4402.556
962 -218.807 -173.669 4396.221
963 1.773 -182.249 4395.458
964 -86.067 -252.105 4396.902
965 -76.037 -438.817 4404.341
966 -24.107 -408.838 4405.868
967 -24.097 -424.935 4407.032
968 78.483 -337.052 4412.712
969 -205.967 -168.523 4395.517
970 -11.297 -416.026 4407.902
971 -193.337 -235.707 4398.208
972 -154.237 -212.948 4396.852
973 -167.287 -205.739 4396.254
974 -179.687 -243.214 4397.296
975 -180.297 -228.489 4396.652
976 -37.437 -430.890 4406.412
977 -232.047 -198.180 4404.003
978 -205.317 -223.321 4398.653
979 -245.077 -205.681 4406.086
980 -167.307 -220.668 4396.764
981 -193.187 -175.673 4395.243
982 66.563 -354.963 4412.405
983 -37.417 -355.592 4405.696
984 -232.137 -319.384 4400.735
985 -16.547 -356.438 4405.925
986 -24.477 -348.187 4405.615
987 -24.567 -363.093 4405.813
988 -37.517 -340.659 4405.076
989 -51.737 -351.966 4405.501
990 158.063 -78.177 4398.530
991 -41.847 -298.353 4400.655
992 -50.257 -303.163 4399.761
993 -50.457 -363.289 4405.570
994 -232.337 -333.007 4400.097
995 209.363 206.326 4399.487
996 -128.257 -422.870 4401.816
997 -63.377 -309.896 4399.992
998 -50.497 -288.419 4399.716
999 -387.677 -393.111 4392.271
1000 -76.457 -288.256 4398.113
1001 -256.487 -242.280 4400.719
1002 -63.387 -295.880 4399.007
1003 -231.887 -243.031 4402.119
1004 -230.957 -213.839 4403.300
1005 -89.417 -371.035 4403.572
1006 1.213 -348.207 4406.145
1007 -142.607 -414.101 4400.430
1008 -141.277 -370.792 4401.165
1009 -141.367 -385.694 4400.310
1010 -141.307 -310.796 4399.655
1011 -141.347 -430.564 4400.269
1012 -140.477 -323.651 4400.997
1013 40.733 -371.079 4411.172
1014 -218.837 -189.543 4397.434
1015 -219.257 439.105 4401.200
1016 -128.347 -407.984 4400.869
1017 -102.367 -393.123 4401.637
1018 -115.387 -385.705 4401.509
1019 102.833 -277.393 4411.535
1020 -117.007 -400.719 4401.322
1021 53.503 -258.423 4404.830
1023 -296.987 -250.676 4398.828
1024 53.483 -288.108 4408.963
1025 27.583 -288.092 4406.229
1026 -167.227 -190.668 4395.887
1027 -141.427 -490.799 4399.318
1028 27.413 -332.319 4407.904
1029 40.533 -310.298 4408.062
1030 -178.677 -183.240 4395.877
1031 40.583 -295.699 4407.922
1032 66.453 -250.855 4405.294
1033 92.443 -189.761 4401.253
1034 -206.187 -303.199 4401.476
1035 -141.377 -460.589 4399.637
1036 480.233 62.820 4402.618
1037 -128.187 -468.506 4399.880
1038 13.703 -355.131 4408.298
1039 -115.317 -445.512 4403.342
1040 -303.817 -317.230 4393.758
1041 39.923 -355.974 4410.593
1042 -304.087 -228.770 4397.993
1043 184.333 -63.103 4398.566
1044 -465.037 -227.130 4392.572
1045 2.103 -393.847 4408.170
1046 288.203 -153.513 4405.233
1047 301.433 -160.588 4406.534
1048 327.563 -146.446 4406.134
1049 -452.537 -251.321 4392.878
1050 -465.997 -213.126 4392.400
1051 314.453 -153.747 4406.543
1052 314.283 -123.440 4403.941
1053 299.103 -146.982 4406.070
1054 405.343 -85.724 4403.530
1055 339.933 -138.305 4405.847
1056 158.253 -153.475 4402.224
1057 425.013 -103.887 4404.326
1058 483.273 -10.944 4402.247
1059 186.213 25.011 4398.733
1060 -349.017 -311.631 4392.757
1061 -297.057 -295.610 4396.918
1062 -193.607 -385.571 4400.057
1063 482.073 -235.561 4408.047
1064 -323.167 -295.497 4396.873
1065 -323.167 -309.633 4392.880
1066 -258.067 -317.316 4398.108
1067 -141.207 -205.654 4396.492
1068 -284.327 -332.165 4394.141
1069 -335.297 -302.890 4394.869
1070 -195.847 -371.296 4401.050
1071 -206.387 -378.157 4399.832
1072 -232.027 -363.188 4398.936
1073 -323.097 -235.513 4396.671
1074 -219.647 -356.508 4399.998
1075 -37.787 -372.622 4404.978
1077 40.533 -279.737 4406.705
1078 -50.487 -332.048 4404.512
1079 -45.837 -379.267 4404.597
1080 53.483 -273.132 4406.892
1081 53.503 -303.203 4408.899
1082 -127.327 -213.272 4396.123
1083 53.523 -318.089 4409.674
1084 79.513 -273.178 4410.184
1085 -115.447 -355.753 4401.740
1086 102.823 -318.569 4413.462
1087 79.353 -318.155 4411.278
1088 14.283 -386.396 4409.385
1089 79.793 -348.846 4413.047
1090 66.523 -264.546 4406.771
1091 92.663 -341.427 4412.913
1092 92.503 -265.668 4410.313
1093 185.663 -50.907 4398.327
1094 80.453 -363.241 4412.760
1095 53.563 -393.304 4412.020
1096 40.543 -400.724 4412.291
1097 92.513 -355.815 4413.410
1098 27.453 -363.225 4410.165
1099 27.643 -348.859 4409.288
1100 -10.937 -399.932 4406.276
1101 -180.377 -257.325 4397.468
1102 -141.307 -280.799 4397.855
1103 -206.117 -243.170 4399.252
1104 -193.367 -264.834 4399.233
1105 -179.997 -273.262 4398.753
1106 -193.287 -250.557 4398.915
1107 -167.317 -264.844 4397.590
1108 103.323 -288.599 4413.274
1109 -127.777 -273.323 4397.280
1110 -140.717 -296.523 4398.760
1111 -128.367 -318.197 4399.630
1112 -154.347 -288.288 4399.131
1113 -232.247 -392.273 4398.328
1114 -296.667 -341.162 4393.731
1115 -401.067 -174.684 4393.056
1116 -271.227 -355.191 4396.039
1117 -258.207 -393.069 4397.532
1118 -180.407 -453.032 4398.486
1119 210.343 -214.279 4407.956
1120 118.583 199.462 4401.078
1121 193.133 -214.788 4408.350
1122 196.193 109.839 4397.671
1123 494.653 14.730 4403.159
1124 -262.967 -370.245 4397.098
1125 -336.137 -288.016 4396.945
1126 516.403 27.951 4402.586
1127 236.203 -183.549 4406.159
1128 509.083 22.063 4403.470
1129 509.943 37.118 4403.339
1130 349.843 243.747 4402.379
1131 66.513 -370.775 4412.351
1132 118.793 183.368 4400.796
1133 508.203 259.382 4403.632
1134 -245.217 -385.571 4398.112
1135 131.743 191.901 4401.088
1136 -76.427 -393.222 4403.432
1137 -453.247 -221.680 4392.772
1138 -127.377 -363.317 4401.201
1139 -128.027 -348.570 4402.435
1140 -452.827 -234.407 4392.819
1141 -102.487 -408.201 4402.283
1142 -438.917 -243.149 4392.966
1143 -89.587 -414.193 4403.157
1144 -76.357 -408.144 4403.476
1145 -102.427 -423.045 4403.296
1146 -76.437 -348.217 4403.894
1147 -89.427 -354.807 4403.026
1148 -102.367 -363.160 4401.679
1149 -89.417 -400.619 4402.805
1150 -62.797 -385.781 4404.015
1151 -167.207 -475.689 4399.102
1152 -154.187 -513.079 4399.267
1153 -180.237 -498.191 4398.662
1154 40.423 -340.711 4410.461
1155 -167.247 -490.660 4398.599
1156 -427.077 -326.221 4392.640
1157 353.023 4.277 4401.084
1158 -153.937 -498.178 4398.927
1159 -167.307 -295.558 4399.350
1160 -167.427 -536.213 4398.535
1161 -154.237 -483.144 4399.145
1162 -154.227 -468.177 4398.860
1163 -180.207 -483.174 4398.876
1164 -427.037 -339.644 4391.783
1165 -37.247 -400.630 4405.333
1166 -413.767 -318.031 4393.022
1167 -180.777 -213.185 4395.969
1168 -179.187 -303.190 4400.164
1169 -465.897 -168.094 4392.711
1170 -167.357 -309.808 4400.256
1171 -464.417 -198.087 4392.605
1172 -193.447 -324.488 4404.971
1173 -490.207 -213.069 4392.408
1174 -180.327 -318.111 4403.533
1175 -479.227 -206.631 4392.939
1176 -478.957 -219.713 4392.312
1177 -479.107 -236.048 4392.462
1178 -101.657 -334.199 4402.663
1179 -102.427 -318.305 4400.351
1180 -115.437 -325.689 4402.546
1181 -91.407 -326.173 4401.515
1182 79.313 -288.288 4410.215
1183 27.113 -393.635 4411.775
1184 14.773 -414.557 4410.488
1185 -114.827 -341.816 4403.493
1186 -102.367 -348.165 4402.247
1187 14.533 -400.668 4411.133
1188 14.483 -370.948 4409.475
1189 -89.417 -339.803 4403.107
1190 -193.277 -220.719 4398.195
1191 -102.037 -228.327 4396.462
1192 -141.307 -445.503 4399.860
1193 -115.767 -416.978 4401.559
1194 -76.407 -243.298 4397.224
1195 -154.407 -408.127 4400.293
1196 -154.377 -438.165 4399.068
1197 -74.647 -422.994 4403.681
1198 -63.117 -250.372 4397.927
1199 -61.427 -427.299 4404.741
1200 -76.347 -273.312 4398.305
1201 -63.447 -279.909 4398.283
1202 -76.047 -259.095 4398.062
1203 -63.387 -265.786 4398.570
1204 64.513 -341.813 4411.952
1205 53.383 -333.384 4410.658
1206 92.403 -296.042 4412.421
1207 -89.447 -430.750 4404.060
1208 -154.277 -273.150 4397.907
1209 90.853 -310.625 4412.641
1210 91.563 -327.577 4413.034
1211 -140.807 -476.402 4399.247
1212 66.373 -325.700 4410.463
1213 196.573 198.894 4399.568
1214 -115.277 -461.450 4401.615
1215 -102.407 -438.022 4404.136
1216 103.923 -303.126 4413.169
1217 40.563 -385.766 4411.787
1218 -90.877 -459.759 4404.466
1219 -63.527 -355.673 4405.056
1220 26.333 -408.730 4412.568
1221 -102.307 -378.188 4402.440
1222 -128.327 -393.245 4400.824
1223 -76.407 -363.156 4404.343
1224 -63.397 -370.670 4405.414
1225 -128.367 -378.171 4400.709
1226 -89.497 -383.024 4403.086
1227 39.733 -327.306 4409.058
1228 14.173 -341.639 4407.144
1229 -478.937 -189.793 4392.834
1230 -452.927 -174.916 4393.461
1231 14.403 -295.014 4405.388
1232 -489.877 -183.218 4392.277
1233 -232.547 -301.643 4402.543
1234 -271.187 -340.562 4396.039
1235 -491.917 -198.071 4392.558
1236 -491.877 -228.113 4392.206
1237 -206.097 -318.176 4403.857
1238 -465.857 -183.088 4393.043
1239 -504.947 -220.655 4392.638
1240 -483.287 -176.846 4392.595
1241 -349.157 -235.583 4394.515
1242 -349.737 -249.672 4394.464
1243 -387.807 -168.269 4392.412
1244 -336.177 -273.042 4396.965
1245 -426.987 -190.521 4392.934
1246 -404.907 -159.468 4392.787
1247 -544.007 -227.928 4392.117
1248 -504.967 -174.791 4392.516
1249 -504.907 -205.551 4392.389
1250 -491.917 -168.199 4392.654
1251 -283.997 -257.313 4398.588
1252 -506.667 -190.559 4392.579
1253 -516.107 -198.017 4392.708
1254 -232.117 -288.142 4402.626
1255 -297.047 -265.621 4398.102
1256 -304.127 -272.216 4397.542
1257 -167.187 -460.677 4398.626
1258 -270.997 -295.610 4397.506
1259 -284.037 -303.152 4397.289
1260 -247.087 -311.720 4398.864
1261 119.173 -100.785 4398.943
1262 -270.997 -309.828 4397.344
1263 -180.337 -468.115 4398.609
1264 -245.057 -295.609 4399.172
1265 -245.277 -325.596 4398.961
1266 -193.137 -475.977 4398.657
1267 -271.267 -325.603 4396.838
1268 -258.037 -302.315 4398.012
1269 -428.837 -205.425 4392.523
1270 -323.087 -280.551 4397.166
1271 -413.927 -183.151 4392.779
1272 -303.667 -288.058 4397.190
1273 -438.367 -213.085 4392.872
1274 -432.087 -177.110 4392.750
1275 -297.057 -279.734 4397.732
1276 -438.237 -183.193 4392.681
1277 -270.977 -249.812 4399.385
1278 -453.737 -193.378 4392.548
1279 -439.957 -198.116 4392.397
1280 -304.237 -257.304 4397.778
1281 -245.007 -220.711 4403.931
1282 -270.977 -265.662 4398.235
1283 -271.147 -369.794 4394.257
1284 -258.027 -258.160 4399.031
1285 -257.987 -272.309 4398.381
1286 -232.057 -227.279 4402.666
1287 -284.217 -212.254 4401.372
1288 -284.207 -197.248 4401.972
1289 -245.607 -265.748 4399.123
1290 -323.097 -265.565 4397.440
1291 -303.987 -302.259 4395.912
1292 -284.137 -183.127 4400.169
1293 -193.357 -279.798 4399.858
1294 -167.347 -280.636 4398.596
1295 -180.297 -287.267 4399.199
1296 -206.327 -348.104 4403.388
1297 -193.217 -309.690 4401.775
1298 -465.737 -242.718 4392.564
1299 -230.317 -257.151 4402.068
1300 -206.387 -363.058 4400.986
1302 -219.927 -308.714 4402.642
1303 -218.637 -293.917 4402.300
1304 -206.187 -272.218 4399.861
1305 444.173 -18.410 4401.805
1306 171.203 -205.071 4407.247
1307 -205.977 -288.234 4400.514
1308 262.873 -153.486 4404.912
1309 457.113 -26.226 4402.500
1310 456.753 4.072 4401.836
1311 -193.437 438.954 4400.430
1312 470.233 -18.467 4402.132
1314 168.363 -157.802 4402.902
1315 171.113 -175.053 4404.154
1316 508.113 244.323 4402.627
1317 -247.297 -281.813 4398.635
1318 92.533 -235.656 4405.997
1319 457.363 -9.863 4401.927
1320 -12.617 -370.641 4405.761
1321 79.743 -228.068 4404.139
1322 444.203 -3.482 4401.819
1323 66.733 -205.651 4402.009
1324 -258.207 -333.151 4397.694
1325 -219.327 -370.575 4399.281
1326 366.023 26.920 4401.609
1327 210.363 -48.596 4396.999
1328 -232.687 -376.826 4398.285
1329 -245.517 -341.188 4398.388
1330 -232.317 -348.105 4399.203
1331 -284.747 -104.594 4396.016
1332 -258.177 -348.040 4397.207
1333 -155.237 -425.830 4399.083
1334 -283.867 -242.305 4399.286
1335 -154.307 -393.097 4400.368
1336 -167.237 -400.609 4399.628
1337 -167.307 -370.680 4400.560
1338 -336.127 -242.240 4396.290
1339 -304.527 -243.056 4397.760
1340 -284.137 -228.113 4399.365
1341 -297.107 -235.617 4398.441
1342 -180.367 -378.103 4399.812
1343 -336.077 -258.089 4396.900
1344 -323.127 -250.569 4397.306
1345 -401.327 -401.222 4392.171
1346 -180.757 -408.370 4399.245
1347 -180.337 -393.103 4399.354
1348 -412.717 -378.128 4392.487
1349 -413.697 -288.025 4393.331
1350 -245.337 -355.576 4398.015
1351 -464.717 -288.109 4392.622
1352 -453.037 -311.278 4392.729
1353 -363.927 -301.713 4392.834
1354 -349.137 -279.799 4396.438
1355 -349.197 -295.556 4393.891
1356 -438.757 -273.108 4393.053
1357 -167.227 -505.779 4398.868
1358 -401.127 -280.929 4393.237
1359 -297.267 -324.739 4393.426
1360 -257.987 -288.170 4398.251
1361 -219.407 -340.628 4401.410
1362 -258.137 -228.163 4401.485
1363 -193.187 -505.661 4398.642
1364 -284.037 -288.164 4397.385
1365 -167.147 -519.808 4398.544
1366 -284.087 -273.154 4397.879
1367 -298.757 -222.868 4398.525
1368 -297.057 -205.486 4398.589
1369 -284.237 -318.072 4396.343
1370 -297.217 -310.572 4396.178
1371 -271.047 -280.630 4397.756
1372 -193.207 -490.618 4398.876
1373 -271.197 -235.626 4400.011
1374 -302.587 -198.873 4398.784
1375 22.083 -145.080 4397.427
1376 92.623 -160.654 4399.631
1377 322.443 -26.303 4400.767
1378 327.293 -40.917 4401.334
1379 326.943 -10.740 4400.807
1380 79.713 -183.058 4400.344
1381 314.203 -48.495 4401.486
1382 78.843 -168.337 4399.433
1383 314.023 -3.152 4400.324
1384 314.053 -18.155 4400.312
1385 314.303 -33.456 4400.889
1386 66.653 -175.532 4399.908
1387 -48.067 -186.216 4396.532
1388 -271.367 -190.625 4402.997
1389 -272.907 -208.040 4403.606
1390 -230.447 -183.022 4399.460
1391 -22.267 -171.219 4397.004
1392 -245.047 -190.701 4402.635
1393 -180.607 -333.176 4406.645
1394 328.433 33.044 4401.742
1395 79.503 -198.232 4401.718
1396 79.643 -212.994 4402.953
1397 -293.067 -188.761 4400.176
1398 -193.167 -340.555 4406.958
1399 -10.417 -219.754 4398.342
1400 1.803 -213.048 4398.868
1401 53.523 -152.440 4396.056
1402 14.573 -221.138 4398.947
1403 28.513 -168.549 4396.717
1404 1.793 -228.142 4398.681
1405 -220.057 -160.720 4394.942
1406 -40.537 -408.751 4404.449
1407 1.753 -378.163 4407.823
1408 -37.407 -385.575 4404.701
1409 313.353 192.169 4398.150
1410 -24.057 -393.089 4405.663
1411 197.223 -100.925 4400.499
1412 -10.837 -386.799 4405.797
1413 -139.237 -85.442 4394.730
1414 275.263 -85.855 4400.932
1415 404.963 49.370 4402.200
1416 191.853 -81.220 4400.159
1417 392.243 86.764 4402.975
1418 184.183 -108.481 4400.380
1419 -130.287 -89.790 4394.956
1420 249.313 -70.922 4400.588
1421 236.173 -63.299 4400.017
1422 236.073 -48.163 4400.336
1423 145.023 -85.684 4398.582
1424 288.333 -63.411 4401.330
1425 247.043 350.406 4402.193
1426 301.083 -25.937 4400.964
1427 171.053 -100.711 4399.977
1428 159.243 -108.141 4400.470
1429 171.223 -115.861 4401.020
1430 163.673 -96.602 4399.878
1431 141.483 -107.274 4399.291
1432 145.073 -116.190 4399.706
1433 158.153 -123.767 4400.597
1434 288.053 -33.176 4400.231
1435 -102.237 -197.995 4396.414
1436 288.083 -18.235 4399.977
1437 -387.997 -153.125 4392.409
1438 -361.877 -153.293 4392.454
1439 -350.797 -166.679 4392.855
1440 -375.297 -160.031 4392.447
1441 -89.367 -220.787 4394.818
1442 -336.077 -153.071 4392.574
1443 262.243 -78.405 4400.883
1444 132.093 -138.428 4399.728
1445 -257.797 -93.369 4393.216
1446 379.373 4.028 4401.566
1447 366.053 11.903 4400.654
1448 366.183 -18.419 4401.494
1449 275.253 -70.966 4401.407
1450 379.283 79.146 4402.731
1451 274.843 -41.842 4400.608
1452 404.983 110.025 4406.193
1453 417.493 55.668 4402.738
1454 430.963 7.474 4401.363
1455 311.233 208.593 4399.485
1456 366.293 71.653 4402.021
1457 431.283 49.139 4402.222
1458 184.383 -123.469 4400.832
1459 -23.107 -245.051 4398.688
1460 431.213 19.062 4401.618
1461 379.143 -10.941 4401.308
1462 275.153 -54.766 4400.413
1463 262.133 -33.125 4400.379
1464 378.983 19.357 4401.428
1465 262.763 -60.855 4400.373
1466 262.013 -48.155 4400.764
1467 132.173 -153.510 4400.308
1468 115.883 -131.882 4399.573
1469 118.953 -144.117 4399.753
1470 131.763 -124.286 4399.706
1471 144.573 214.412 4401.324
1472 142.123 -129.736 4400.592
1473 27.453 461.761 4397.958
1474 444.293 11.566 4401.520
1475 -124.677 -114.997 4394.713
1476 470.203 26.551 4402.108
1477 418.273 -3.442 4401.272
1478 -49.767 -214.765 4396.192
1479 -206.007 -138.135 4394.946
1480 -102.937 -498.638 4403.950
1481 197.153 -85.770 4399.999
1482 102.963 -174.449 4400.904
1483 102.543 -216.438 4405.069
1484 496.223 41.618 4403.232
1485 184.033 -93.098 4400.042
1486 14.773 -205.525 4399.188
1487 -126.957 -497.054 4400.533
1488 -324.857 -445.607 4392.434
1489 -117.307 -179.196 4395.564
1490 -324.817 -430.390 4392.022
1491 -168.757 -550.787 4398.378
1492 -310.327 -437.606 4394.353
1493 40.813 -190.617 4399.395
1494 92.673 -204.733 4403.547
1495 -309.767 -422.999 4392.546
1496 27.743 -213.077 4399.190
1497 -245.017 -175.592 4399.550
1498 -244.847 -115.633 4395.002
1499 -271.487 -97.768 4395.797
1500 -257.427 -107.981 4394.342
1501 -11.847 -193.049 4397.255
1502 -257.977 -198.018 4404.560
1503 -24.267 -202.024 4397.086
1504 196.723 181.651 4399.693
1505 -257.947 -212.972 4404.101
1506 -9.727 -458.555 4410.114
1507 -256.357 -137.926 4394.636
1508 -11.347 -235.657 4398.698
1509 -231.207 -123.203 4395.361
1510 -24.247 -228.049 4397.158
1511 -222.647 -146.009 4394.207
1512 -271.087 -175.495 4399.904
1513 249.113 -55.620 4400.183
1514 -37.167 -445.623 4407.896
1515 236.303 -78.518 4400.381
1516 92.733 -220.560 4404.649
1517 288.213 -48.451 4400.508
1518 -285.567 -89.577 4396.403
1519 301.273 -56.111 4401.499
1520 247.463 -86.217 4400.721
1521 236.393 -93.449 4400.637
1522 -76.707 -229.770 4396.461
1523 482.583 46.169 4402.834
1524 481.653 36.766 4403.153
1525 158.183 -138.449 4400.686
1526 197.143 -115.980 4400.640
1527 300.873 -39.023 4400.729
1528 -17.907 -428.947 4407.899
1529 209.363 311.920 4400.524
1530 -401.117 -310.608 4393.070
1531 400.793 92.103 4403.413
1532 -36.867 -208.097 4396.743
1533 392.063 100.911 4403.391
1534 431.213 34.060 4401.724
1535 418.213 11.531 4401.393
1536 418.033 41.800 4401.298
1537 53.823 -198.089 4399.478
1538 -202.527 -47.872 4394.203
1539 -36.907 -237.869 4397.501
1540 -117.067 -206.528 4395.007
1541 53.743 -183.142 4399.085
1542 -128.097 -198.165 4395.037
1543 145.223 -160.997 4402.053
1544 41.433 -205.950 4399.407
1545 66.283 -220.705 4403.154
1546 61.063 -235.503 4403.374
1547 27.823 -197.994 4399.048
1548 418.253 -78.497 4403.007
1549 314.023 -109.478 4403.044
1550 66.793 -190.571 4400.408
1551 419.183 85.234 4404.568
1552 -231.757 -138.603 4394.590
1553 197.153 -56.381 4398.318
1554 79.663 -243.124 4405.591
1555 326.953 -115.081 4403.721
1556 -65.087 -401.153 4403.610
1557 549.603 28.298 4403.466
1559 496.193 87.067 4402.269
1560 402.433 227.903 4399.859
1561 -63.247 -415.776 4404.422
1562 533.853 45.848 4402.048
1563 532.453 35.727 4402.521
1564 557.953 34.045 4402.861
1565 300.983 -68.913 4400.948
1566 535.263 62.804 4401.500
1567 544.853 42.072 4403.720
1568 519.593 12.821 4404.688
1569 519.423 -1.830 4405.371
1570 538.283 18.565 4402.875
1571 559.743 4.684 4404.533
1572 546.963 11.917 4403.150
1573 533.163 6.135 4403.042
1574 391.983 -63.284 4402.381
1575 392.183 -33.358 4401.485
1576 402.613 -56.904 4402.486
1577 431.063 -84.988 4403.102
1578 145.173 -146.000 4400.627
1579 431.313 -71.144 4402.910
1580 184.323 -228.896 4409.336
1581 391.873 -48.347 4401.536
1582 547.373 -1.272 4403.722
1583 171.063 -144.904 4401.513
1584 196.803 -145.915 4402.515
1585 262.263 -123.426 4402.329
1586 131.703 237.089 4401.219
1587 379.293 108.316 4402.606
1588 131.553 206.929 4401.093
1589 364.853 115.923 4401.819
1590 275.163 -130.995 4403.160
1591 157.733 191.977 4401.048
1592 297.103 153.301 4399.856
1593 524.933 72.848 4402.124
1594 131.683 221.914 4401.012
1595 496.813 102.947 4401.340
1596 517.583 54.347 4401.816
1597 157.543 206.912 4401.238
1598 573.413 146.880 4406.049
1599 144.643 199.509 4401.065
1600 192.723 -190.493 4405.937
1601 444.433 -48.546 4402.208
1602 184.183 -168.502 4404.220
1603 431.183 -101.007 4403.935
1604 197.173 -175.965 4404.932
1605 430.563 -57.813 4402.434
1606 184.243 -138.365 4401.683
1607 448.303 -63.313 4402.596
1608 183.943 -153.536 4403.110
1609 184.193 -183.519 4405.157
1610 404.523 -67.972 4402.386
1611 223.343 -205.404 4407.590
1612 443.883 -93.026 4403.224
1613 456.323 334.288 4404.377
1614 288.153 -108.552 4402.243
1615 313.503 87.302 4401.149
1616 484.683 7.946 4402.685
1617 274.183 287.751 4401.281
1618 443.153 341.791 4403.939
1619 404.453 -115.983 4405.800
1620 208.983 -168.899 4404.507
1621 353.273 -131.006 4405.773
1622 376.783 -116.319 4405.724
1623 421.113 162.650 4403.345
1624 197.393 -129.504 4401.446
1625 327.223 -131.005 4405.932
1626 366.203 -108.490 4404.774
1627 377.723 348.264 4401.471
1628 339.843 265.716 4400.899
1629 340.213 250.925 4401.815
1630 210.193 -183.597 4405.386
1631 249.443 -191.356 4406.779
1632 223.163 -190.932 4406.407
1633 262.483 -183.978 4406.431
1634 196.453 228.903 4399.643
1635 145.103 -190.003 4404.338
1636 508.323 49.430 4403.175
1637 326.163 243.456 4402.959
1638 573.373 116.787 4404.412
1639 132.143 -213.461 4406.253
1640 156.453 -183.631 4404.309
1641 132.253 -168.434 4401.845
1642 132.063 -198.520 4404.482
1643 141.703 -176.994 4403.690
1644 275.253 -160.985 4405.560
1645 275.233 -175.373 4406.340
1646 132.063 -183.435 4403.674
1647 275.183 -145.088 4404.081
1648 288.313 -168.680 4406.280
1649 262.323 -168.540 4405.889
1650 480.463 184.429 4401.325
1651 250.443 -161.066 4404.827
1652 239.113 -21.888 4399.408
1653 105.683 222.107 4400.941
1654 496.003 146.803 4401.700
1655 236.293 -33.429 4400.183
1656 547.753 221.535 4403.052
1657 118.653 229.493 4401.084
1658 507.983 124.426 4402.842
1659 532.243 185.488 4401.047
1660 484.393 154.170 4402.688
1661 495.393 161.264 4401.481
1662 573.343 176.883 4407.302
1663 547.193 176.861 4404.399
1664 246.323 -117.098 4401.906
1665 222.113 -133.895 4403.064
1666 551.703 147.262 4404.332
1667 261.233 357.814 4403.182
1668 170.573 79.513 4399.637
1670 313.303 147.270 4399.947
1671 144.603 94.754 4400.492
1672 208.693 -18.245 4398.170
1673 300.353 124.872 4401.136
1674 496.793 130.360 4402.690
1675 287.963 177.193 4399.480
1676 157.393 102.026 4400.506
1677 274.443 154.708 4399.883
1678 378.823 -41.326 4401.478
1679 171.243 -131.934 4400.553
1680 558.693 15.727 4404.735
1681 353.533 -59.217 4402.207
1682 130.053 249.576 4401.555
1683 430.863 -41.126 4402.263
1684 392.123 -109.003 4405.459
1685 322.053 260.573 4401.342
1686 340.273 -123.451 4404.828
1687 366.263 -123.525 4405.354
1688 508.163 -26.887 4403.081
1689 287.423 42.293 4400.217
1690 274.543 49.762 4400.248
1691 392.113 -123.672 4405.802
1692 494.703 266.278 4403.961
1693 223.123 -161.069 4404.585
1694 210.133 -153.420 4403.480
1695 325.913 108.429 4401.292
1696 237.553 -199.416 4407.314
1697 469.223 296.727 4404.325
1698 404.323 334.286 4403.162
1699 430.273 319.303 4403.953
1700 417.263 326.830 4403.641
1701 313.963 -93.329 4401.454
1702 456.233 319.264 4404.228
1703 236.253 -153.723 4404.163
1704 131.633 131.998 4400.633
1705 158.463 -243.865 4409.877
1706 324.483 -84.415 4401.716
1707 394.433 -93.806 4404.558
1708 160.733 -225.125 4409.041
1709 171.153 -221.110 4408.975
1710 197.173 -160.046 4403.124
1711 301.223 -85.915 4401.089
1712 301.103 -100.858 4401.696
1713 327.333 -99.770 4402.284
1715 314.163 -78.484 4401.184
1716 92.753 214.492 4400.758
1717 508.393 94.338 4401.997
1718 561.223 109.291 4404.453
1719 553.583 121.603 4404.254
1720 559.973 124.307 4404.511
1721 599.213 161.920 4408.373
1722 573.363 87.832 4402.937
1723 599.323 131.875 4408.355
1724 599.353 71.912 4404.938
1725 575.743 26.778 4402.635
1726 572.783 56.804 4401.988
1727 624.623 56.637 4406.806
1728 558.053 64.265 4401.707
1729 599.273 41.919 4404.212
1730 171.293 -236.517 4409.836
1731 118.963 -115.463 4397.669
1732 184.163 -213.461 4408.275
1733 379.373 -54.565 4401.939
1734 443.733 -33.372 4401.944
1735 366.163 -63.474 4402.216
1736 344.393 237.097 4402.682
1737 171.163 -190.893 4405.350
1738 379.173 -25.840 4401.208
1739 365.933 -33.804 4401.164
1740 405.213 -40.916 4401.173
1741 418.213 -48.437 4402.056
1742 300.553 109.658 4401.560
1743 313.423 132.242 4401.264
1744 313.433 117.170 4401.305
1745 209.403 326.804 4400.136
1746 300.263 80.785 4400.595
1747 313.443 72.364 4401.274
1748 313.353 102.296 4401.396
1749 144.693 154.455 4400.676
1750 275.213 -190.996 4407.239
1751 300.393 64.824 4400.846
1752 274.383 64.602 4400.592
1753 469.153 326.887 4404.417
1754 469.053 281.902 4403.457
1755 326.983 -160.902 4406.552
1758 351.893 93.492 4401.692
1759 430.403 364.279 4403.718
1760 391.323 341.779 4403.203
1761 380.313 63.611 4402.435
1762 274.383 125.775 4399.548
1763 261.413 87.205 4399.248
1764 402.003 303.135 4401.360
1765 469.283 356.801 4405.349
1766 275.123 -100.895 4401.233
1767 340.333 -48.971 4401.627
1768 223.063 -221.270 4408.901
1769 418.273 -93.459 4403.833
1770 447.793 117.845 4403.589
1771 341.733 -153.478 4406.233
1772 340.163 -93.445 4402.530
1773 418.173 -63.497 4402.270
1774 340.273 -33.462 4400.971
1775 351.953 -101.210 4403.995
1776 353.233 -115.963 4405.438
1777 443.663 99.553 4403.655
1778 367.813 -140.074 4405.998
1779 379.213 -101.065 4405.016
1780 351.683 -86.003 4402.813
1781 492.693 72.982 4402.807
1782 288.143 -138.126 4403.896
1783 533.873 -24.394 4403.650
1784 301.273 -130.934 4404.033
1785 471.173 115.647 4402.834
1786 119.353 139.332 4400.418
1787 472.343 127.335 4403.234
1788 236.193 -213.504 4408.721
1789 378.523 -85.971 4404.117
1790 170.473 124.267 4400.481
1791 392.103 -78.437 4403.151
1792 301.403 -117.258 4403.523
1793 292.493 -93.060 4401.473
1794 326.173 168.050 4399.698
1795 429.433 168.411 4401.800
1796 364.633 130.901 4402.090
1797 377.873 123.363 4402.539
1798 364.753 100.886 4402.335
1799 341.353 39.849 4401.377
1800 406.013 78.262 4403.628
1801 338.833 130.913 4401.183
1802 364.833 145.880 4401.752
1803 440.803 160.963 4402.681
1804 339.903 145.691 4401.087
1805 274.443 34.431 4397.856
1806 377.983 138.491 4403.008
1807 430.623 108.207 4403.761
1808 364.763 -92.516 4403.194
1809 339.443 71.562 4401.278
1810 429.563 153.483 4402.742
1811 339.783 -109.177 4404.048
1812 170.593 110.659 4400.630
1813 457.393 139.164 4403.815
1814 353.123 -69.296 4401.749
1815 418.443 102.787 4406.971
1816 365.883 -78.429 4403.236
1817 379.163 -131.108 4405.538
1818 314.033 -138.368 4405.124
1819 340.183 -63.437 4401.627
1820 455.763 201.703 4401.168
1821 431.003 125.020 4404.181
1822 170.443 -385.384 4411.764
1823 325.913 78.426 4401.262
1824 118.723 154.385 4400.567
1825 339.233 85.918 4401.594
1826 507.563 -40.283 4403.012
1827 274.943 -114.386 4402.202
1828 131.453 146.791 4400.242
1829 325.863 94.681 4401.212
1831 288.163 -123.417 4402.840
1832 326.543 154.442 4400.038
1833 171.033 -70.722 4398.467
1834 183.673 207.218 4399.867
1835 522.193 -46.749 4403.386
1836 338.503 161.877 4399.797
1837 158.273 -67.231 4398.759
1838 196.373 333.616 4400.652
1839 196.473 319.504 4400.135
1840 455.273 183.439 4401.961
1841 432.423 92.242 4403.788
1842 326.093 317.961 4401.375
1843 325.923 138.398 4401.373
1844 157.513 238.175 4401.310
1845 315.873 24.395 4400.779
1846 350.473 169.323 4399.636
1847 366.753 160.862 4399.712
1848 339.943 115.872 4401.442
1849 338.793 99.764 4401.572
1850 351.823 108.370 4401.541
1851 427.623 214.886 4400.309
1852 545.283 189.161 4403.019
1853 521.043 267.053 4404.630
1854 497.543 236.963 4401.538
1855 546.873 281.704 4406.086
1856 494.993 221.790 4400.761
1857 482.543 246.546 4401.035
1858 248.203 288.861 4401.192
1859 248.423 243.932 4399.809
1860 196.443 153.437 4399.645
1861 235.283 297.138 4401.520
1862 170.323 199.622 4400.878
1863 183.443 147.152 4400.778
1864 235.803 266.249 4401.032
1865 235.313 281.284 4401.386
1866 222.453 304.472 4401.627
1867 351.863 138.419 4401.415
1868 339.263 312.739 4401.277
1869 342.213 296.480 4401.070
1870 351.873 153.380 4400.694
1871 368.253 282.624 4401.678
1872 339.593 281.816 4400.588
1873 351.913 123.505 4401.364
1874 506.063 213.805 4400.989
1875 469.133 -228.025 4407.740
1876 326.713 305.941 4401.205
1877 443.443 191.994 4400.906
1878 520.823 206.900 4401.158
1879 350.233 319.236 4401.231
1880 547.953 160.453 4404.108
1881 524.183 222.546 4402.804
1882 508.093 200.666 4401.407
1883 265.093 42.400 4397.719
1884 496.373 26.531 4403.276
1885 534.413 198.600 4402.245
1886 443.793 174.587 4402.608
1887 352.323 274.311 4402.627
1888 420.453 220.526 4400.497
1889 424.293 194.148 4400.978
1890 353.193 -40.778 4401.153
1891 495.363 191.953 4400.865
1892 481.683 168.014 4402.704
1893 145.263 -206.020 4405.791
1894 119.153 -251.157 4409.137
1895 430.413 259.287 4403.966
1896 119.193 -191.306 4403.987
1897 546.873 -33.018 4403.783
1898 145.283 -265.991 4411.475
1899 118.683 169.454 4400.812
1900 353.233 -26.094 4401.239
1901 378.863 -69.981 4402.553
1902 494.883 281.755 4404.350
1903 545.563 311.721 4405.110
1904 521.253 326.685 4405.697
1905 378.543 274.332 4404.174
1906 417.463 296.877 4403.057
1907 483.313 19.108 4402.909
1908 404.503 274.375 4403.836
1909 521.243 296.777 4404.977
1910 170.543 64.627 4399.267
1911 108.893 159.861 4400.584
1912 287.353 72.367 4400.425
1913 167.573 95.703 4399.976
1914 469.233 311.769 4404.144
1915 300.373 169.691 4399.609
1916 300.093 140.571 4400.151
1917 287.803 147.112 4400.096
1918 287.653 57.409 4400.535
1919 248.873 -129.906 4402.869
1920 191.783 -47.579 4398.717
1921 403.623 153.290 4401.614
1922 494.573 251.599 4403.702
1923 481.983 259.398 4403.019
1924 262.283 -138.387 4403.482
1925 325.923 123.468 4401.248
1926 236.283 -123.400 4402.096
1927 223.763 -141.435 4403.242
1928 236.293 -138.478 4403.055
1929 300.483 49.823 4400.738
1930 249.203 -100.219 4400.585
1931 469.373 176.670 4402.390
1932 249.193 -145.960 4403.562
1933 313.513 57.347 4401.111
1934 428.023 199.345 4400.949
1935 163.903 -63.568 4398.652
1936 274.443 79.674 4399.297
1937 508.443 230.430 4401.159
1939 470.313 146.693 4404.441
1940 404.383 -101.130 4404.922
1941 443.963 131.727 4403.649
1942 -218.367 454.213 4402.030
1943 457.003 125.817 4403.735
1944 307.573 20.182 4400.336
1945 287.243 26.925 4399.086
1946 298.523 34.127 4400.060
1947 445.033 207.034 4400.931
1948 472.673 192.855 4401.169
1949 367.683 54.276 4401.963
1950 157.473 86.867 4399.942
1951 456.263 304.286 4404.014
1952 157.523 146.948 4400.862
1953 418.643 311.846 4403.220
1954 430.223 334.236 4403.985
1955 442.393 251.938 4402.154
1956 482.453 274.438 4403.914
1957 469.143 266.702 4403.663
1958 417.213 343.014 4404.030
1959 443.193 326.766 4403.929
1960 456.673 289.082 4403.942
1961 442.773 315.701 4403.826
1962 157.353 251.781 4401.447
1963 183.463 252.089 4400.358
1964 196.403 259.841 4401.171
1965 184.103 267.137 4401.209
1966 429.483 185.489 4400.751
1967 235.303 131.716 4399.002
1968 209.343 236.339 4399.949
1969 222.273 349.413 4402.202
1970 391.553 282.745 4402.634
1971 404.493 289.409 4402.023
1973 455.233 211.298 4400.870
1974 469.113 252.797 4401.400
1975 402.843 244.473 4403.447
1976 261.443 117.147 4399.735
1977 289.403 9.542 4398.938
1978 364.143 176.017 4399.390
1980 426.633 249.355 4403.704
1981 430.503 289.349 4403.565
1982 404.443 259.485 4404.202
1983 391.393 251.883 4403.210
1984 482.073 216.279 4400.387
1985 375.533 153.235 4400.131
1986 96.003 185.002 4400.490
1987 390.893 115.844 4403.861
1988 131.643 176.974 4400.895
1989 235.303 326.992 4401.938
1990 390.443 130.777 4404.035
1991 274.543 109.571 4399.602
1992 470.403 221.995 4400.993
1993 324.783 185.236 4398.677
1994 196.573 19.652 4398.507
1995 470.893 -48.198 4402.609
1996 196.383 140.155 4398.052
1997 457.083 106.634 4403.627
1998 235.543 342.344 4402.059
1999 210.163 -198.441 4407.732
2000 378.463 245.330 4402.023
2001 111.233 -106.710 4398.857
2002 559.743 -55.986 4405.128
2003 366.283 -48.426 4401.226
2004 469.363 -76.606 4402.262
2005 158.093 -213.508 4407.681
2006 145.373 -250.537 4410.137
2007 184.143 -198.434 4406.402
2008 162.293 58.168 4398.818
2009 417.173 281.812 4403.238
2010 417.183 251.700 4404.880
2011 197.283 -205.946 4407.577
2012 185.383 -244.538 4410.463
2013 365.133 267.013 4403.272
2014 132.423 -92.990 4398.689
2015 153.883 -70.212 4398.899
2016 533.063 -53.796 4403.760
2017 271.303 246.245 4400.154
2018 105.703 191.924 4400.816
2019 261.253 281.456 4401.247
2020 417.613 206.883 4400.496
2021 443.373 281.931 4403.553
2022 391.563 266.960 4403.581
2023 347.283 196.565 4399.498
2024 362.003 236.963 4402.134
2025 378.503 259.408 4403.208
2026 453.763 258.822 4402.972
2027 118.693 214.427 4400.807
2028 412.843 128.583 4405.793
2029 92.713 199.502 4400.686
2030 144.713 169.436 4400.802
2031 481.003 132.792 4402.566
2032 158.173 -258.463 4411.307
2033 261.343 267.331 4400.603
2034 170.903 -250.934 4410.442
2035 183.973 117.174 4399.069
2036 234.493 313.695 4402.039
2037 132.543 -259.231 4410.349
2038 197.233 -236.047 4409.748
2039 132.093 -243.475 4409.376
2040 145.183 -220.956 4407.776
2041 353.023 -146.116 4405.981
2042 146.083 -235.944 4409.334
2043 119.233 -265.607 4411.422
2044 113.983 -93.907 4398.935
2045 248.353 273.962 4401.001
2046 105.683 176.914 4400.650
2047 469.443 -62.916 4402.542
2048 209.433 297.260 4401.676
2049 127.203 -84.964 4398.861
2050 261.263 251.522 4400.316
2051 248.503 258.866 4400.551
2052 367.233 252.219 4401.867
2053 417.463 266.898 4403.934
2054 430.523 274.345 4403.718
2055 444.013 266.645 4403.189
2056 457.253 65.225 4402.725
2057 444.113 89.563 4403.544
2058 157.483 177.039 4400.940
2059 157.663 161.922 4400.925
2060 416.983 177.969 4401.101
2061 365.083 222.794 4401.824
2062 105.773 207.745 4400.845
2063 144.553 184.329 4400.980
2064 264.113 -5.511 4398.515
2065 352.703 232.123 4402.600
2066 403.113 138.484 4404.316
2067 131.993 161.969 4399.911
2068 352.443 261.824 4401.480
2069 353.063 214.253 4402.600
2070 392.983 296.927 4402.230
2071 391.553 236.962 4403.292
2072 430.483 304.410 4403.399
2073 261.593 72.102 4400.014
2074 417.213 356.755 4403.939
2075 222.303 319.395 4401.117
2076 -365.037 -50.621 4401.004
2077 404.313 349.294 4403.583
2078 456.383 274.363 4403.661
2079 443.353 371.831 4404.266
2080 119.193 -235.983 4407.840
2081 468.983 236.866 4400.059
2082 196.373 -387.398 4411.582
2083 455.893 231.883 4400.700
2084 573.263 236.867 4404.814
2085 131.163 -273.467 4412.101
2086 118.163 -225.145 4406.907
2087 132.193 -228.561 4408.038
2088 520.903 236.627 4403.564
2089 470.853 206.720 4400.777
2090 455.133 168.025 4402.919
2091 547.373 251.826 4405.189
2092 495.383 -17.664 4402.849
2093 455.333 154.447 4403.506
2094 469.063 160.973 4403.884
2095 210.113 -228.435 4409.164
2096 495.183 312.782 4406.046
2097 443.613 296.911 4403.765
2098 481.643 304.286 4404.733
2099 223.333 -175.983 4405.483
2100 429.603 139.285 4404.159
2101 118.883 -281.492 4412.742
2102 444.373 145.914 4403.412
2103 183.463 132.250 4399.591
2104 507.983 -55.768 4402.620
2105 196.393 4.666 4398.642
2106 194.773 34.708 4399.030
2107 183.503 42.195 4398.457
2108 170.533 244.659 4401.137
2109 119.153 -205.911 4404.575
2110 497.713 -32.724 4402.780
2111 235.223 356.771 4401.921
2112 469.443 -32.632 4402.242
2113 144.413 259.958 4401.463
2114 572.593 -31.871 4405.247
2115 561.463 -25.509 4404.373
2116 183.443 102.255 4398.590
2117 -206.077 446.365 4401.047
2118 500.133 175.786 4401.278
2119 144.433 244.646 4401.114
2120 521.203 -62.621 4403.167
2121 482.393 -40.098 4402.601
2122 521.343 178.363 4400.990
2123 495.413 -47.697 4402.587
2124 298.773 289.879 4401.074
2125 480.033 96.033 4402.843
2126 144.503 107.493 4400.440
2127 574.583 204.574 4405.498
2128 287.283 161.832 4399.701
2129 594.123 196.243 4405.201
2130 248.403 154.095 4398.474
2131 299.863 301.995 4401.184
2132 237.093 147.264 4398.898
2133 263.053 162.202 4399.032
2134 274.483 258.633 4400.355
2135 247.963 363.259 4402.486
2136 248.333 334.412 4402.485
2137 248.583 169.886 4398.182
2138 193.753 64.402 4398.318
2139 243.143 175.290 4397.745
2141 262.583 176.889 4398.417
2142 507.903 171.190 4401.182
2143 353.913 48.505 4402.203
2144 271.903 168.931 4399.283
2145 185.063 237.188 4399.814
2146 158.013 116.964 4400.708
2147 289.403 295.927 4400.984
2148 144.383 229.253 4401.195
2149 519.473 -32.583 4403.356
2150 261.613 147.296 4399.407
2151 246.633 139.656 4399.273
2152 170.433 214.661 4401.235
2153 287.543 118.266 4400.574
2154 418.453 116.702 4406.735
2155 299.993 198.988 4398.975
2156 287.503 102.218 4400.808
2157 313.613 41.859 4400.814
2158 274.363 139.693 4399.764
2159 287.433 132.165 4400.270
2160 300.273 272.871 4400.921
2161 287.483 87.304 4400.158
2162 157.553 132.159 4400.838
2163 144.553 124.691 4400.600
2164 291.493 266.588 4400.812
2165 139.723 116.281 4400.633
2166 144.603 139.407 4400.801
2167 296.683 243.634 4400.003
2168 196.363 169.637 4399.810
2169 235.323 251.086 4401.368
2170 237.543 382.755 4401.711
2171 247.963 50.266 4398.542
2172 182.823 -86.451 4400.087
2173 500.393 116.932 4401.449
2174 235.443 116.117 4399.243
2175 340.853 208.006 4402.981
2176 505.113 153.655 4401.278
2177 513.223 140.479 4402.934
2178 196.393 243.903 4399.945
2179 183.573 222.141 4399.896
2180 532.433 166.409 4400.685
2181 300.473 213.353 4399.597
2182 288.023 215.573 4399.043
2183 157.233 267.792 4401.587
2184 196.113 350.748 4401.589
2185 262.353 133.247 4399.592
2186 495.453 -61.662 4402.936
2187 482.303 -54.055 4402.706
2188 300.493 96.162 4401.438
2189 243.923 18.910 4398.561
2190 219.043 6.997 4397.777
2191 234.713 -2.765 4397.456
2192 219.163 18.290 4397.365
2193 206.533 386.979 4400.146
2194 246.063 1.770 4397.319
2195 196.493 379.329 4399.926
2196 170.553 154.652 4400.952
2197 481.873 288.384 4404.202
2198 237.363 26.779 4398.127
2199 195.393 362.528 4400.060
2200 235.563 14.466 4397.244
2201 339.833 220.562 4405.019
2202 508.053 109.457 4401.668
2203 222.293 334.310 4401.297
2205 503.113 134.891 4402.745
2206 209.493 341.756 4401.595
2207 217.603 380.833 4400.027
2208 209.193 357.264 4401.580
2209 209.363 371.769 4400.475
2210 172.853 35.083 4398.437
2211 492.893 128.292 4402.145
2212 184.303 57.120 4398.410
2213 170.403 49.587 4398.551
2214 196.313 273.540 4401.384
2215 181.933 280.015 4401.733
2216 170.393 259.161 4400.970
2217 480.843 -70.898 4402.327
2218 403.663 121.043 4405.402
2219 452.953 -63.387 4402.682
2220 404.243 199.280 4400.810
2221 -206.317 416.398 4399.758
2222 444.583 -77.798 4402.923
2223 235.383 71.964 4397.441
2224 456.303 -39.197 4402.038
2225 453.233 -55.738 4402.316
2226 196.263 304.292 4400.371
2227 196.343 289.313 4401.346
2228 456.353 -85.157 4402.825
2229 170.533 169.758 4401.051
2230 170.473 229.691 4401.430
2231 183.473 192.325 4399.712
2232 232.293 -22.975 4398.413
2233 183.653 162.233 4401.036
2234 214.363 -36.929 4396.970
2235 504.023 -13.648 4403.282
2236 183.663 177.255 4400.796
2237 234.323 372.209 4404.570
2238 183.533 72.172 4397.881
2239 222.363 364.350 4402.416
2240 297.403 318.397 4401.343
2241 40.223 290.681 4395.977
2242 297.093 333.503 4401.193
2243 288.703 344.005 4400.506
2244 300.013 350.547 4400.944
2245 532.533 97.127 4401.785
2246 514.283 66.503 4401.965
2247 55.163 251.770 4396.266
2248 482.113 79.258 4403.300
2249 534.583 75.315 4401.360
2250 131.973 327.503 4399.321
2251 403.553 169.401 4400.832
2252 261.283 205.979 4399.296
2253 298.733 -248.614 4409.934
2254 80.563 296.809 4398.093
2255 237.143 205.928 4399.120
2256 390.133 188.372 4399.902
2257 222.233 214.611 4399.327
2258 391.243 220.040 4398.971
2259 209.293 265.916 4401.752
2260 402.983 182.118 4400.841
2261 399.303 209.868 4400.416
2262 222.313 273.502 4401.801
2263 289.633 324.339 4401.273
2264 426.873 -281.485 4409.728
2265 300.143 260.746 4400.709
2266 257.683 -8.720 4398.630
2267 209.363 -3.021 4397.941
2268 221.113 183.490 4398.071
2269 210.373 221.077 4399.578
2270 532.733 -40.882 4403.545
2271 571.713 -19.586 4403.845
2272 244.733 183.481 4397.827
2273 287.303 237.103 4399.986
2274 235.613 190.520 4398.382
2275 222.573 258.396 4401.542
2276 222.273 244.568 4401.280
2277 287.593 250.919 4400.127
2278 312.093 238.058 4399.899
2279 260.133 30.721 4397.657
2280 209.683 251.191 4401.542
2281 160.363 70.035 4399.280
2282 269.233 17.853 4397.820
2283 222.463 -14.197 4397.281
2284 195.163 79.377 4398.030
2285 223.093 168.037 4397.896
2286 66.563 248.689 4396.142
2287 182.583 15.704 4398.541
2288 211.993 41.795 4397.422
2289 194.573 93.226 4397.503
2290 209.293 57.742 4397.707
2291 268.723 -1.972 4398.769
2292 287.283 280.855 4400.617
2293 27.283 266.604 4396.991
2294 222.643 154.868 4398.195
2295 261.233 11.999 4397.532
2296 287.173 371.658 4401.101
2297 291.653 356.698 4401.323
2298 497.263 53.217 4404.185
2299 391.423 211.560 4400.342
2300 235.323 221.019 4399.178
2301 222.393 228.386 4399.825
2302 79.353 222.934 4400.622
2303 289.033 313.972 4400.760
2304 274.293 348.908 4402.736
2305 599.673 -16.509 4402.791
2306 417.123 146.575 4402.149
2307 503.313 6.760 4405.764
2308 274.233 228.337 4399.539
2309 598.723 -48.062 4405.377
2310 534.093 -9.485 4403.639
2311 209.623 163.068 4397.771
2312 222.333 109.267 4398.559
2313 222.273 197.776 4398.744
2314 247.103 124.318 4399.016
2315 626.453 -1.302 4407.443
2316 561.743 -11.361 4403.924
2317 247.983 108.827 4399.330
2318 248.193 229.576 4399.237
2319 237.083 86.895 4398.465
2320 149.753 83.780 4400.067
2321 222.313 94.415 4398.225
2322 248.213 94.256 4399.249
2323 220.343 104.247 4398.044
2324 248.303 80.351 4398.372
2325 209.273 87.769 4398.061
2326 211.193 191.063 4398.611
2327 299.823 231.116 4399.627
2328 261.203 235.980 4399.771
2329 129.533 -102.387 4396.171
2330 546.333 -48.472 4404.166
2331 547.843 -61.984 4404.753
2332 248.173 200.068 4398.876
2333 236.473 156.344 4397.863
2334 625.423 -36.492 4406.837
2335 247.863 212.610 4399.380
2336 519.983 41.855 4402.303
2337 236.503 236.050 4399.569
2338 218.563 50.363 4398.015
2339 559.923 -39.997 4404.867
2340 547.123 -16.007 4403.223
2341 573.853 -1.864 4403.659
2342 378.143 182.063 4399.940
2343 243.283 395.597 4401.133
2344 273.283 214.725 4399.224
2345 491.503 -4.766 4402.708
2346 263.933 191.006 4398.695
2347 118.413 245.106 4401.026
2348 274.713 184.410 4398.540
2349 298.363 188.378 4398.541
2351 271.373 198.031 4398.711
2352 559.313 94.185 4401.821
2353 274.423 273.283 4400.813
2354 598.933 101.928 4404.128
2355 390.693 144.614 4403.697
2356 520.973 86.927 4401.927
2357 598.893 13.107 4403.169
2358 456.103 -250.480 4408.931
2359 618.933 28.815 4404.681
2360 248.413 303.430 4401.853
2361 575.923 11.297 4402.866
2362 573.113 -48.626 4408.247
2363 170.453 139.897 4400.769
2364 546.653 131.994 4403.959
2365 260.973 295.874 4401.684
2366 394.813 174.844 4400.351
2367 170.343 184.436 4401.014
2368 367.673 202.496 4400.426
2369 313.373 162.020 4399.653
2370 92.453 230.470 4400.845
2371 157.523 221.955 4401.313
2372 326.213 230.341 4404.257
2373 368.533 191.043 4399.394
2374 339.113 192.330 4398.404
2375 375.083 169.010 4400.258
2376 342.003 177.107 4399.406
2377 300.363 380.463 4401.539
2378 354.363 184.282 4399.119
2379 287.163 191.608 4398.432
2380 313.233 176.815 4399.559
2381 313.193 221.862 4401.645
2382 390.253 163.607 4400.431
2383 326.213 214.355 4402.113
2384 272.193 366.287 4403.825
2385 377.493 202.463 4399.254
2386 261.603 310.940 4401.611
2387 235.293 401.042 4401.003
2388 228.043 395.392 4400.944
2389 261.313 371.780 4402.482
2390 204.623 -70.529 4400.617
2391 261.253 326.781 4402.480
2392 248.343 319.315 4402.578
2393 273.393 336.594 4401.186
2394 85.513 205.104 4400.646
2395 261.433 342.640 4402.812
2396 209.303 281.954 4401.917
2397 235.403 102.884 4398.764
2398 274.333 317.349 4401.221
2399 222.363 289.339 4401.913
2400 274.423 303.723 4402.002
2401 212.253 71.698 4397.529
2402 221.803 65.751 4397.920
2403 237.603 57.878 4398.309
2404 219.913 79.362 4397.833
2405 245.943 64.325 4397.844
2406 245.103 34.354 4398.210
2407 218.143 136.818 4398.854
2408 236.813 41.963 4397.603
2409 262.993 56.987 4397.839
2410 105.503 236.891 4400.912
2411 222.243 36.307 4397.431
2412 209.123 146.775 4397.763
2413 79.483 386.764 4400.482
2414 222.373 125.423 4399.100
2415 222.373 139.379 4399.149
2416 209.193 116.875 4397.661
2417 -141.427 -400.625 4400.370
2418 390.523 -437.940 4414.010
2419 300.203 454.007 4403.088
2420 131.523 -347.894 4413.881
2421 444.313 433.865 4401.951
2422 261.823 538.075 4401.598
2423 196.423 -445.377 4412.698
2424 443.073 -227.966 4407.691
2425 533.943 -85.478 4404.012
2426 533.973 -72.683 4403.841
2427 63.653 404.725 4400.395
2428 378.033 -234.713 4409.461
2429 482.103 -84.520 4403.002
2430 549.363 -92.856 4404.509
2431 -102.357 206.914 4396.784
2432 235.413 551.165 4401.419
2433 -282.407 115.278 4393.814
2434 196.153 500.358 4401.435
2435 235.413 -437.855 4412.957
2436 -115.217 214.369 4396.255
2437 -115.347 170.287 4395.816
2438 209.623 506.150 4401.101
2439 40.623 231.264 4395.919
2440 394.853 356.813 4401.103
2441 392.803 70.100 4402.524
2442 53.593 282.942 4397.225
2443 402.113 364.097 4401.361
2444 520.373 -78.420 4404.122
2445 404.153 320.313 4402.655
2446 131.313 281.840 4397.779
2447 116.523 281.495 4397.418
2448 105.103 330.119 4398.917
2449 118.373 276.712 4397.396
2450 106.613 341.510 4399.375
2451 209.623 417.233 4400.623
2452 66.393 274.222 4397.989
2453 53.323 264.821 4397.626
2454 274.243 -490.341 4414.829
2455 66.443 257.456 4396.452
2456 313.253 -332.920 4411.615
2457 79.503 251.779 4396.313
2458 27.373 356.639 4400.546
2459 39.223 355.529 4400.887
2460 14.623 364.369 4399.761
2461 24.123 345.846 4400.088
2462 287.293 -317.924 4411.638
2463 300.293 -310.491 4411.450
2464 40.613 364.284 4400.746
2465 313.533 -347.923 4411.938
2466 403.533 -265.449 4409.511
2467 404.083 -279.971 4409.497
2468 287.373 -347.802 4411.637
2469 287.493 -332.900 4411.440
2470 300.283 -326.990 4411.639
2471 351.743 -296.387 4410.669
2472 -232.067 56.897 4395.792
2473 1.593 371.718 4399.898
2474 -252.817 78.937 4395.636
2475 -245.167 77.651 4395.414
2476 352.953 -325.438 4411.333
2477 40.423 334.293 4399.557
2478 339.193 -288.457 4410.493
2479 326.803 -295.031 4410.864
2480 339.263 -317.934 4411.255
2481 313.323 -303.015 4411.173
2482 326.253 -310.465 4411.412
2483 300.203 440.355 4402.340
2484 -24.447 386.746 4397.587
2485 183.433 -257.843 4411.194
2486 -50.387 266.837 4395.110
2487 1.523 341.707 4399.197
2488 170.773 455.208 4399.775
2489 77.723 341.860 4399.177
2490 90.843 334.344 4398.999
2491 79.453 327.828 4399.165
2492 91.023 319.318 4399.969
2493 66.333 455.572 4398.016
2494 469.113 -272.943 4409.333
2495 428.403 -324.275 4411.039
2496 -37.477 275.330 4395.364
2497 -47.717 281.855 4395.618
2498 482.123 -265.444 4409.467
2499 444.413 -333.184 4411.223
2500 339.263 -377.949 4412.111
2501 495.033 -257.897 4410.158
2502 430.173 -312.677 4410.700
2503 351.793 -371.009 4412.026
2504 326.363 -370.387 4412.238
2505 404.093 -310.372 4410.887
2506 417.113 -317.905 4410.949
2507 598.923 -196.038 4410.904
2508 375.573 -220.980 4409.490
2509 -263.877 49.253 4393.558
2510 118.473 -445.366 4411.444
2511 -89.447 394.259 4396.441
2512 378.103 -251.275 4409.616
2513 506.333 -220.514 4407.362
2514 -129.437 130.329 4398.978
2515 210.693 -422.514 4412.388
2516 364.363 -212.954 4409.551
2517 508.043 -85.633 4403.113
2518 521.673 -108.009 4404.281
2519 477.223 -116.348 4404.192
2520 365.283 -241.917 4409.357
2521 508.103 -70.412 4402.825
2522 430.143 -295.412 4410.388
2523 443.183 -302.903 4410.393
2524 479.233 -294.910 4409.753
2525 455.873 -294.072 4410.125
2526 443.163 -287.928 4409.860
2527 469.113 -302.853 4410.165
2528 454.033 -279.639 4409.485
2529 430.293 -341.104 4411.168
2530 404.323 -325.458 4411.168
2531 573.053 -213.390 4406.073
2532 235.323 521.821 4400.783
2533 417.273 -348.062 4411.458
2534 443.173 -107.906 4403.905
2535 469.963 -3.405 4401.682
2536 443.183 -123.015 4404.309
2537 29.703 296.820 4395.894
2538 66.563 318.284 4398.002
2539 144.223 334.306 4399.024
2540 117.583 -314.850 4413.979
2541 118.433 -326.532 4413.985
2542 118.033 -296.905 4413.872
2543 131.383 -318.719 4414.109
2544 261.393 505.773 4401.528
2545 131.523 -302.929 4414.300
2546 443.153 -317.850 4410.620
2547 -91.577 184.421 4396.942
2548 118.433 304.275 4399.251
2549 92.423 260.168 4396.788
2550 81.523 266.870 4397.151
2551 92.413 271.881 4397.328
2552 122.753 317.289 4399.378
2553 105.333 266.732 4397.102
2554 66.423 289.216 4398.081
2555 53.533 296.856 4396.843
2556 55.293 311.787 4397.381
2557 248.243 514.316 4401.042
2558 79.703 310.599 4397.763
2559 36.563 304.340 4396.291
2560 130.973 341.833 4399.149
2561 209.713 431.122 4402.058
2562 261.243 -467.922 4414.398
2563 274.183 -460.372 4414.389
2564 -89.287 200.253 4396.744
2565 274.053 -476.944 4414.439
2566 212.693 401.084 4400.745
2567 235.453 581.722 4401.373
2568 170.433 425.187 4399.888
2569 287.363 -556.779 4411.333
2570 469.083 -242.913 4408.715
2571 76.563 376.273 4400.748
2572 235.323 -467.923 4413.997
2573 196.503 439.040 4401.637
2574 118.533 -385.415 4411.793
2575 40.373 377.870 4400.339
2576 222.493 -384.211 4411.693
2577 40.663 393.369 4400.017
2578 170.493 -400.513 4411.827
2579 142.913 423.560 4399.764
2580 14.543 379.370 4400.262
2581 274.303 -505.348 4414.971
2582 66.343 394.277 4400.879
2583 66.493 306.467 4396.881
2584 261.253 -452.804 4414.144
2585 183.493 -377.904 4411.517
2586 91.233 386.276 4401.146
2587 62.023 349.311 4398.936
2588 40.603 241.795 4396.132
2589 183.343 296.791 4401.061
2590 170.443 439.218 4399.601
2591 -12.527 243.454 4395.801
2592 92.483 394.339 4400.725
2593 102.903 391.151 4400.944
2594 -22.257 236.805 4395.506
2595 66.473 379.333 4400.223
2596 170.383 304.645 4399.663
2597 185.233 356.737 4400.457
2598 261.313 417.992 4403.168
2599 -102.247 176.970 4395.351
2600 259.793 475.280 4401.548
2601 274.033 485.407 4401.791
2602 63.913 368.604 4400.485
2603 261.343 -497.875 4415.014
2604 263.153 461.894 4402.525
2605 274.253 424.318 4403.866
2606 252.203 423.911 4403.383
2607 236.993 506.798 4400.877
2608 261.133 432.009 4404.088
2609 275.983 453.160 4402.395
2610 222.383 -475.492 4414.124
2611 235.363 -482.878 4414.610
2612 248.323 -475.403 4414.472
2613 313.163 -317.905 4411.288
2614 12.203 338.119 4400.416
2615 -11.377 364.255 4400.289
2616 599.033 -137.088 4412.155
2617 27.493 311.840 4396.451
2618 352.133 -205.444 4408.365
2619 14.633 352.472 4400.939
2620 39.233 319.641 4397.408
2621 326.133 -325.370 4411.371
2622 339.183 -196.802 4407.883
2623 339.293 -167.902 4406.631
2624 339.443 -212.934 4408.549
2625 365.423 -198.620 4409.112
2626 112.923 380.877 4399.604
2627 209.773 11.843 4398.354
2628 -320.847 141.539 4395.192
2629 -282.567 135.581 4394.287
2630 -301.477 139.312 4394.105
2631 -115.497 230.444 4395.005
2632 -115.377 243.041 4395.018
2633 -89.337 244.497 4395.239
2634 -298.077 131.124 4394.203
2635 -89.397 216.351 4395.285
2636 14.553 276.342 4395.363
2637 1.503 251.759 4397.073
2638 27.533 251.779 4397.659
2639 -24.357 251.966 4395.306
2640 1.463 236.886 4396.764
2641 131.483 -377.867 4411.798
2642 -37.407 245.987 4395.137
2643 -50.317 236.877 4395.131
2644 -63.307 230.273 4395.284
2645 29.433 236.732 4396.021
2646 -74.697 236.982 4395.424
2647 14.563 258.597 4397.421
2648 14.573 245.191 4397.723
2649 182.583 310.452 4400.372
2650 170.033 318.541 4399.552
2651 416.623 387.328 4401.496
2652 53.683 385.593 4399.398
2653 239.323 448.198 4402.370
2654 235.213 492.871 4401.385
2655 244.733 469.203 4401.405
2656 222.683 455.472 4402.841
2657 235.593 476.677 4401.252
2658 209.323 446.708 4402.129
2659 287.293 -527.970 4414.205
2660 247.503 -460.427 4414.191
2661 222.343 470.364 4401.262
2662 377.963 316.841 4400.865
2663 184.153 -393.018 4411.659
2664 378.163 335.467 4401.180
2665 93.023 301.966 4399.217
2666 53.443 236.714 4395.919
2667 105.323 297.779 4399.160
2668 92.433 290.245 4399.006
2669 196.453 -400.367 4411.508
2670 40.413 258.394 4397.924
2671 79.403 281.923 4398.921
2672 106.883 281.794 4397.336
2673 40.413 273.340 4396.180
2674 144.413 348.199 4399.483
2675 27.533 281.929 4395.540
2676 417.193 -287.884 4409.907
2677 261.593 493.236 4401.352
2678 247.053 499.143 4401.224
2679 325.293 271.902 4401.603
2680 261.533 446.463 4401.535
2681 248.293 485.276 4401.354
2682 132.883 356.815 4399.096
2684 313.623 266.289 4401.043
2685 315.493 280.886 4400.964
2686 274.563 407.915 4402.233
2687 244.103 454.480 4401.758
2688 316.313 250.764 4400.641
2689 365.263 296.795 4401.086
2690 352.153 290.456 4400.710
2691 118.313 259.357 4399.315
2692 144.253 274.255 4400.852
2693 170.553 289.255 4400.280
2695 170.793 366.930 4399.293
2696 157.263 281.735 4400.800
2697 183.433 371.884 4400.319
2698 131.443 266.863 4400.559
2699 51.633 361.325 4400.886
2700 53.433 370.995 4400.218
2701 170.493 334.730 4399.072
2702 -115.287 200.205 4396.516
2703 93.213 350.574 4400.264
2704 89.343 364.127 4399.502
2705 182.703 342.429 4400.386
2706 169.453 347.857 4400.380
2707 183.393 326.879 4400.157
2709 155.333 355.813 4399.798
2710 144.403 364.163 4400.153
2711 183.383 446.846 4400.079
2712 170.543 -370.563 4411.645
2713 -11.467 211.951 4395.620
2714 559.653 -116.376 4404.675
2715 157.443 341.815 4399.180
2717 157.183 446.810 4399.636
2718 547.433 -126.457 4404.662
2719 560.163 -99.642 4405.395
2720 -336.597 162.020 4394.082
2721 572.973 -93.026 4406.621
2722 559.433 -82.648 4406.380
2723 547.043 -77.903 4406.810
2724 559.803 -69.660 4406.538
2725 -328.077 124.720 4393.708
2726 -347.157 139.398 4394.255
2727 222.443 -341.092 4411.714
2728 402.493 394.470 4402.235
2729 404.213 -25.560 4401.288
2730 416.253 -20.078 4401.323
2731 274.333 500.319 4401.166
2732 287.613 491.048 4401.468
2733 273.383 467.888 4402.343
2734 378.523 407.571 4401.613
2735 350.123 424.408 4402.385
2736 248.243 -492.321 4414.623
2737 339.123 432.867 4401.418
2738 235.213 461.585 4401.434
2739 222.413 -280.427 4412.186
2740 323.053 429.281 4402.755
2741 313.263 448.417 4404.029
2742 294.503 447.784 4402.648
2743 261.473 -363.011 4411.600
2744 287.223 521.742 4401.275
2745 248.363 -340.880 4412.038
2746 274.353 -339.829 4411.562
2747 248.363 -370.387 4411.861
2748 248.303 -355.420 4411.661
2749 -24.387 281.804 4395.289
2750 261.433 -377.880 4411.961
2751 -22.687 296.867 4396.253
2752 -11.477 290.270 4395.421
2753 351.943 -174.811 4407.480
2754 274.953 -372.964 4412.038
2755 551.083 -108.029 4404.407
2756 183.383 -287.594 4413.572
2757 339.213 -182.983 4407.395
2758 194.923 -370.633 4412.583
2759 209.483 -377.927 4411.524
2760 339.373 -332.941 4411.680
2761 209.373 -362.871 4411.749
2762 212.373 -407.940 4412.215
2763 157.483 -273.039 4412.417
2764 378.473 -205.441 4409.128
2765 222.283 -400.550 4412.084
2766 209.423 -393.021 4411.588
2767 -27.097 316.251 4399.100
2768 66.543 334.269 4399.568
2769 -245.307 49.046 4395.120
2770 183.463 -272.907 4412.795
2771 -245.197 65.343 4394.695
2772 -258.127 56.967 4393.706
2773 350.413 -309.747 4410.939
2774 339.223 -302.968 4410.801
2775 456.043 -99.476 4403.484
2776 -11.337 304.301 4397.913
2777 621.943 -122.528 4408.044
2778 -37.307 319.203 4398.056
2779 54.983 341.841 4398.785
2780 -39.817 308.497 4398.332
2781 53.483 326.800 4397.472
2782 1.503 311.833 4397.463
2783 222.353 -250.468 4410.935
2784 196.363 -265.449 4411.869
2785 1.603 296.800 4396.249
2786 -50.437 311.870 4397.556
2787 196.373 -279.802 4412.878
2789 11.243 289.394 4395.397
2790 222.383 -265.403 4410.951
2791 170.393 -265.452 4412.023
2792 209.353 -272.962 4412.101
2793 14.243 320.233 4399.950
2794 -52.317 300.720 4398.292
2795 508.153 -235.482 4407.177
2796 417.173 -122.903 4405.248
2798 521.763 -229.537 4406.776
2799 494.963 -212.923 4406.993
2800 521.043 -213.003 4406.306
2801 508.033 -190.467 4406.137
2802 118.473 -430.407 4411.291
2803 507.883 -205.506 4406.588
2804 183.343 -422.979 4412.033
2805 -258.197 86.834 4394.867
2806 365.203 -317.920 4410.866
2807 326.293 -340.449 4411.587
2808 326.333 -250.435 4409.629
2809 325.603 -264.207 4410.531
2810 312.903 -242.826 4409.971
2811 313.253 -392.883 4412.543
2812 339.363 -272.949 4410.248
2813 339.273 -258.012 4410.236
2814 323.363 -384.797 4412.596
2815 339.493 -242.991 4410.270
2816 326.233 -401.577 4412.806
2817 339.853 -392.862 4412.505
2818 131.363 -452.897 4411.950
2819 339.283 -497.870 4412.524
2820 170.383 -430.372 4412.025
2821 -271.147 143.781 4394.024
2822 325.203 -433.253 4414.619
2823 339.403 -527.005 4410.627
2824 352.233 -445.401 4414.337
2825 313.233 -482.816 4414.394
2826 326.293 -415.370 4413.723
2827 394.933 418.687 4401.505
2828 326.413 -447.329 4414.603
2829 222.303 -490.408 4414.585
2830 339.263 -467.882 4414.596
2831 261.033 -484.898 4414.907
2832 261.323 -512.817 4415.060
2834 456.073 -205.349 4407.149
2835 53.993 417.116 4398.623
2836 38.823 409.708 4399.260
2837 391.143 -137.967 4406.334
2838 40.563 423.835 4398.202
2839 1.543 401.780 4400.306
2841 520.993 -93.041 4403.883
2842 14.593 409.368 4399.318
2843 28.733 386.818 4401.445
2844 53.513 401.824 4401.160
2845 27.603 371.754 4401.295
2846 -63.357 319.318 4396.685
2847 235.233 -257.917 4410.382
2848 209.383 -242.917 4410.165
2849 209.383 -257.925 4411.459
2850 456.093 -145.830 4405.597
2851 417.583 -272.420 4410.597
2852 -50.407 326.845 4397.375
2853 1.443 356.867 4399.680
2854 197.003 -250.486 4410.771
2855 222.343 -235.471 4410.021
2856 235.223 -242.997 4410.224
2857 456.033 -235.490 4408.068
2858 27.613 326.891 4400.485
2859 417.503 -258.027 4409.146
2860 430.193 -265.417 4409.288
2861 573.013 -182.981 4405.986
2862 573.353 -62.834 4407.827
2863 521.113 -168.667 4405.151
2864 599.023 -77.917 4407.400
2865 624.973 -62.896 4405.546
2866 547.063 -287.150 4408.055
2867 573.073 -152.945 4405.709
2868 546.983 -227.911 4406.344
2869 547.043 -317.905 4407.740
2870 534.163 -161.478 4405.208
2871 550.263 -258.630 4407.015
2872 314.083 -454.595 4414.722
2873 340.023 -439.563 4414.646
2874 311.493 -422.775 4414.123
2875 235.273 -318.860 4411.726
2876 339.383 -453.004 4414.651
2877 183.483 -512.805 4414.120
2878 196.373 -310.406 4413.414
2879 196.423 -535.924 4415.545
2880 209.303 -317.991 4412.406
2881 313.303 -467.855 4414.718
2882 209.403 -527.846 4415.292
2883 326.163 -460.348 4414.695
2884 196.053 -522.344 4414.596
2885 495.073 -287.983 4409.733
2886 184.253 -529.688 4414.996
2887 495.153 -272.959 4409.453
2888 522.233 -274.098 4409.248
2889 456.253 -325.418 4411.233
2890 417.183 -332.861 4411.144
2891 510.943 -266.662 4409.434
2892 469.243 -316.825 4410.978
2893 508.133 -250.379 4408.697
2894 482.083 -280.425 4409.529
2895 573.243 -243.225 4406.711
2896 572.813 -271.935 4407.258
2897 391.233 -227.944 4408.706
2898 481.843 -310.422 4410.447
2899 144.413 -535.377 4414.876
2900 453.963 -308.030 4410.404
2901 132.763 -543.520 4415.287
2902 131.513 -527.913 4414.694
2903 118.393 -519.437 4414.359
2904 391.153 -243.070 4409.538
2905 192.483 396.432 4400.636
2906 235.313 -527.889 4415.438
2907 121.273 -550.146 4415.776
2908 546.933 -137.083 4404.798
2909 404.263 -190.917 4407.512
2910 144.563 -520.213 4413.915
2911 430.103 -145.501 4406.005
2912 471.323 -197.816 4407.093
2913 274.633 -430.407 4413.735
2914 261.293 -422.839 4413.029
2915 248.343 -430.406 4412.702
2916 248.343 -445.409 4413.826
2917 417.173 -168.016 4406.796
2918 617.993 120.198 4404.443
2919 417.713 -152.985 4406.662
2920 404.083 -160.458 4406.766
2921 443.753 -213.014 4407.265
2922 391.193 -168.965 4407.023
2923 170.453 275.146 4401.665
2924 404.213 -145.463 4406.490
2925 430.053 -115.432 4404.466
2926 417.263 -213.021 4407.926
2927 400.753 -6.296 4401.322
2928 391.123 -17.074 4401.045
2929 488.293 336.388 4407.202
2930 390.973 41.911 4402.271
2931 131.463 -392.865 4411.751
2932 131.493 -437.886 4411.511
2933 352.203 -385.325 4412.087
2934 118.573 -460.497 4411.799
2935 118.613 -400.755 4411.443
2936 -37.507 289.776 4397.832
2937 222.433 -430.432 4412.739
2938 480.813 -204.559 4406.966
2939 619.383 85.409 4405.844
2940 391.183 -198.012 4407.858
2941 183.353 -302.842 4413.584
2942 559.943 -130.139 4404.744
2943 352.183 -190.391 4407.713
2944 368.073 -170.913 4407.572
2945 105.063 -382.254 4412.475
2946 116.403 -474.922 4411.890
2947 365.223 -183.599 4408.685
2948 144.203 -385.856 4411.332
2949 456.143 -220.446 4407.663
2950 183.623 -362.978 4411.532
2951 469.113 -213.056 4407.207
2952 209.433 -437.863 4412.662
2953 391.213 -212.909 4408.550
2954 598.973 -167.795 4411.664
2955 377.743 -191.348 4408.587
2956 288.003 -469.708 4414.608
2957 495.053 -242.993 4408.698
2958 495.043 -227.933 4407.650
2959 482.053 -250.336 4409.101
2960 313.153 -273.081 4410.191
2961 417.043 -303.560 4411.137
2962 300.403 -280.480 4410.641
2963 287.223 -257.984 4410.204
2964 325.703 -280.758 4410.545
2965 313.253 -288.332 4410.903
2966 313.503 -258.650 4409.961
2967 482.013 -130.515 4404.638
2968 469.103 -137.920 4405.055
2969 300.413 -265.439 4410.103
2970 456.123 -129.456 4404.765
2971 456.013 -116.008 4404.655
2972 521.273 -198.068 4406.224
2973 469.073 -287.895 4409.336
2974 325.643 -353.603 4412.072
2975 170.363 -414.521 4411.569
2976 222.403 -355.940 4411.921
2977 157.483 -392.867 4411.605
2978 235.703 -393.798 4412.070
2979 183.433 -408.082 4411.688
2980 248.313 -250.420 4410.097
2981 144.303 -428.847 4411.389
2982 235.263 -227.970 4409.944
2983 131.483 -422.849 4411.736
2984 507.803 -100.483 4403.627
2985 326.243 439.263 4402.597
2986 170.483 -355.483 4411.981
2987 131.473 -362.940 4412.153
2988 118.663 -370.820 4411.978
2989 494.983 -123.238 4404.483
2990 326.653 -224.418 4408.994
2991 118.523 -355.396 4413.489
2993 326.253 -205.475 4408.325
2994 313.313 -211.321 4408.443
2995 394.213 386.894 4401.291
2996 -232.427 311.519 4395.292
2997 373.163 372.129 4400.886
2998 534.883 152.981 4401.726
2999 315.843 431.202 4402.941
3000 405.173 382.215 4400.955
3001 525.633 190.674 4401.147
3002 525.533 161.840 4400.824
3003 248.343 -280.393 4411.316
3004 481.903 225.668 4400.403
3005 378.213 365.500 4401.054
3006 502.433 184.162 4401.084
3007 209.603 -514.773 4414.959
3008 314.943 -542.896 4410.172
3009 248.373 -520.324 4415.095
3010 287.293 -452.928 4414.180
3011 261.273 -572.842 4413.436
3012 222.403 -520.752 4414.999
3013 417.723 417.523 4401.734
3014 235.353 -512.858 4414.980
3015 209.413 -497.860 4414.611
3016 222.293 -507.311 4414.667
3017 196.313 -460.392 4412.735
3018 238.993 -452.589 4413.760
3019 274.263 -445.270 4414.066
3020 316.063 341.958 4400.916
3021 155.313 420.310 4399.612
3022 259.823 566.763 4401.503
3023 141.343 394.244 4399.312
3024 108.543 373.248 4399.352
3025 120.543 424.295 4399.478
3026 131.373 415.141 4399.926
3027 134.023 385.482 4399.202
3028 157.413 -422.966 4411.478
3029 287.203 551.845 4401.378
3030 300.473 -190.386 4407.149
3031 143.283 -279.331 4412.771
3032 520.983 -122.918 4404.410
3033 131.503 -287.957 4413.562
3034 144.493 -445.316 4411.905
3035 482.023 -100.401 4403.583
3036 118.503 -415.287 4411.058
3037 157.983 -438.042 4411.833
3038 313.433 -197.979 4407.413
3039 274.363 -205.324 4407.769
3040 300.273 -205.496 4407.743
3041 144.503 -416.432 4411.297
3042 352.053 394.423 4400.893
3043 196.423 -415.350 4412.041
3044 196.353 -430.344 4412.317
3045 430.353 -219.898 4407.678
3046 495.213 -92.999 4403.539
3047 391.253 431.827 4401.483
3048 534.053 -115.562 4404.283
3049 235.253 -587.995 4413.881
3050 532.553 142.096 4401.047
3051 547.073 101.962 4401.236
3052 261.323 -287.963 4411.812
3053 534.203 109.495 4400.979
3054 524.703 131.994 4401.160
3055 316.793 311.110 4401.013
3056 342.513 325.474 4400.782
3057 527.093 102.039 4401.321
3058 551.193 -152.935 4405.156
3059 311.283 296.835 4400.940
3060 547.033 86.923 4401.258
3061 367.293 343.465 4401.001
3062 456.123 -175.507 4406.952
3063 494.963 -182.885 4406.000
3064 443.683 -167.319 4406.666
3065 272.353 440.469 4401.706
3066 427.993 -175.332 4406.803
3067 456.133 -160.330 4406.120
3069 443.163 -183.026 4407.099
3070 315.503 -409.275 4412.604
3071 193.523 455.754 4402.158
3072 348.483 333.935 4400.871
3073 196.593 483.308 4401.562
3074 456.143 -190.573 4406.686
3075 482.133 -190.704 4406.584
3076 547.033 -167.982 4405.310
3077 220.903 486.526 4401.536
3078 472.583 416.026 4402.439
3079 209.753 489.698 4401.062
3080 226.123 498.795 4401.108
3081 441.623 352.313 4404.563
3082 468.003 384.634 4404.024
3083 418.523 370.774 4402.148
3084 498.123 367.822 4410.402
3085 284.533 400.782 4401.202
3086 428.473 345.620 4404.484
3088 428.693 -162.417 4407.092
3089 430.173 -190.449 4407.139
3090 430.213 -205.486 4407.322
3091 393.193 -182.265 4407.398
3092 404.093 -175.393 4406.907
3093 443.393 -197.932 4407.156
3094 377.493 -162.437 4407.285
3095 195.653 -505.356 4414.356
3096 430.213 -130.919 4405.184
3097 443.113 -138.030 4404.883
3098 423.233 -136.361 4405.334
3099 261.373 -257.927 4410.677
3100 377.053 -176.437 4407.850
3101 287.263 -212.965 4408.815
3102 261.313 -212.915 4408.485
3103 248.323 -235.383 4409.904
3104 261.363 -242.944 4409.834
3105 287.413 -198.086 4407.372
3106 300.313 -219.288 4408.581
3107 469.103 -93.803 4403.157
3108 469.193 -107.932 4403.642
3109 495.023 -107.021 4404.007
3110 248.393 -220.506 4409.515
3111 131.413 -407.053 4411.130
3112 430.173 -235.413 4408.235
3113 430.273 -250.401 4408.822
3114 507.473 -116.748 4404.360
3115 417.173 -242.980 4408.671
3116 443.163 -257.986 4409.122
3117 -37.377 334.402 4397.812
3118 443.183 -272.910 4409.348
3119 444.033 -243.008 4408.720
3120 -24.547 326.890 4398.558
3121 456.173 -265.427 4409.204
3122 -14.017 323.835 4399.574
3123 222.343 -370.819 4411.726
3124 235.613 -348.734 4411.796
3125 482.173 -220.504 4407.688
3126 469.123 -257.847 4409.436
3127 533.783 -100.566 4404.820
3128 248.173 -387.576 4411.801
3129 534.073 -205.462 4405.823
3130 521.073 -182.899 4405.406
3131 534.063 -189.449 4405.951
3132 235.483 -363.131 4411.615
3133 235.393 -377.072 4411.935
3134 533.983 -175.487 4404.910
3135 326.213 -192.037 4407.573
3136 118.493 -340.354 4413.896
3137 546.893 -196.675 4405.655
3138 157.553 -407.925 4411.452
3139 144.523 -400.388 4411.356
3140 547.323 -183.066 4405.043
3141 144.523 -325.426 4414.684
3142 391.293 -153.208 4407.091
3143 313.933 -182.917 4407.106
3144 324.683 -175.561 4406.887
3145 313.263 -227.904 4409.141
3146 131.493 -332.870 4414.082
3147 418.163 -198.089 4407.516
3148 144.513 -341.679 4414.547
3149 404.133 -130.464 4406.095
3150 417.163 -183.017 4406.998
3151 339.443 446.526 4403.663
3152 313.383 -377.825 4412.566
3153 300.353 -385.358 4412.944
3154 287.303 -393.730 4412.576
3155 261.473 -392.808 4412.624
3156 365.303 -362.809 4411.977
3157 378.353 -370.371 4411.802
3158 367.043 -378.168 4411.871
3159 365.273 -287.904 4410.035
3160 364.433 418.108 4401.482
3161 339.353 -347.883 4411.969
3162 262.103 -542.923 4414.044
3163 352.173 -340.328 4411.930
3164 352.333 -280.160 4410.032
3165 378.253 -310.407 4410.749
3166 376.093 424.589 4401.547
3167 368.233 431.008 4401.599
3168 313.183 327.832 4400.994
3169 562.683 48.899 4401.466
3170 546.933 56.276 4401.362
3171 365.203 446.758 4401.428
3172 391.213 461.738 4401.514
3173 391.213 401.968 4401.494
3174 209.293 26.993 4397.088
3175 538.953 126.022 4401.199
3176 571.713 36.047 4402.467
3177 157.493 -287.960 4413.372
3178 546.933 73.039 4401.322
3179 170.453 -310.342 4413.738
3180 352.253 -160.289 4407.074
3181 157.373 -302.905 4413.654
3182 157.403 -317.842 4414.209
3183 170.503 -295.336 4413.512
3184 196.343 -295.370 4414.155
3185 144.453 -295.405 4414.088
3186 365.233 -152.896 4406.370
3187 378.203 -145.436 4406.606
3188 144.663 -310.761 4414.080
3189 170.533 -280.379 4413.181
3190 573.033 -122.927 4405.023
3191 326.263 454.127 4404.368
3192 119.053 365.571 4399.270
3193 313.133 508.045 4401.508
3194 339.193 491.764 4402.241
3195 339.323 521.706 4401.682
3196 326.293 469.198 4403.114
3197 365.323 476.813 4401.559
3198 363.553 506.815 4401.871
3199 389.363 491.764 4401.552
3200 352.303 -355.397 4411.903
3201 313.283 537.761 4401.150
3202 235.703 -499.800 4415.078
3203 376.593 -294.429 4410.210
3204 248.503 -505.355 4415.248
3205 377.873 305.565 4401.178
3206 327.263 349.301 4401.125
3207 352.173 364.195 4400.807
3208 365.263 357.804 4401.101
3209 346.883 357.241 4401.044
3210 324.793 288.377 4401.011
3211 352.103 350.265 4401.001
3212 248.633 380.660 4401.387
3213 300.343 485.453 4401.441
3214 -296.587 439.219 4403.851
3215 183.453 462.549 4402.611
3216 351.603 441.536 4401.607
3217 520.963 116.949 4400.922
3218 374.963 396.924 4401.282
3219 415.433 450.793 4401.395
3220 417.233 476.763 4401.345
3221 391.253 371.672 4400.886
3222 274.373 394.622 4401.494
3223 263.783 400.600 4401.149
3224 300.353 410.337 4402.056
3225 377.963 378.951 4401.272
3226 287.363 431.502 4403.204
3227 391.083 -377.603 4412.025
3228 300.463 423.591 4402.967
3229 209.353 176.184 4398.372
3230 287.793 418.110 4402.414
3231 391.163 -467.915 4412.829
3232 -89.277 346.647 4395.005
3233 366.243 -424.763 4413.615
3234 391.443 -423.001 4413.659
3235 378.193 -430.582 4413.977
3236 -219.107 79.369 4396.754
3237 365.733 -437.937 4414.219
3238 375.293 -401.435 4412.923
3239 442.913 401.420 4401.462
3240 -99.837 161.016 4395.597
3241 417.113 -423.280 4413.336
3242 352.143 -400.443 4412.828
3243 371.103 -406.506 4413.023
3244 443.073 -347.939 4411.896
3245 430.163 -355.498 4411.514
3246 380.063 -416.257 4413.544
3247 365.273 -452.813 4414.338
3248 469.083 -392.901 4411.689
3249 403.483 -402.787 4412.642
3250 352.483 -432.241 4414.310
3251 352.343 -415.383 4413.695
3252 339.273 -423.024 4414.076
3253 443.163 -363.089 4411.532
3254 339.243 -408.008 4413.427
3255 469.083 -422.896 4411.573
3256 430.563 -387.184 4412.129
3257 417.193 -377.872 4411.840
3258 430.203 -370.364 4411.637
3259 378.323 -385.402 4412.337
3260 417.253 -362.876 4411.672
3261 442.973 -407.875 4413.258
3262 443.023 -437.891 4412.482
3263 442.983 -379.918 4411.843
3264 391.883 -409.532 4413.212
3265 390.963 -392.999 4412.394
3266 365.203 -512.964 4409.761
3267 365.123 -482.944 4412.506
3268 365.133 -392.841 4412.596
3269 120.863 -535.368 4415.435
3270 468.973 -122.096 4404.105
3271 287.393 -437.906 4414.202
3272 558.223 80.355 4401.091
3273 313.303 -512.953 4413.996
3274 287.323 -482.927 4414.662
3275 -63.407 513.049 4398.350
3276 313.373 -437.951 4414.717
3277 299.273 -447.785 4414.640
3278 326.443 -474.052 4414.796
3279 300.263 -430.369 4414.224
3280 300.293 -475.376 4414.619
3281 300.343 -462.261 4414.540
3282 404.213 -355.423 4411.489
3283 300.263 -490.389 4414.565
3284 494.953 206.915 4400.712
3285 404.083 -235.432 4408.735
3286 404.263 -205.466 4407.932
3287 419.103 -226.870 4408.376
3288 235.413 -272.835 4411.181
3289 404.223 -220.423 4408.578
3290 362.673 326.923 4401.014
3291 209.373 -287.940 4412.938
3292 625.733 -91.080 4405.321
3293 598.943 -107.034 4410.550
3294 429.813 380.524 4401.524
3295 248.113 -265.915 4410.599
3296 289.623 386.829 4401.649
3297 261.333 388.113 4401.943
3298 220.443 405.094 4401.074
3299 248.603 409.743 4401.565
3300 194.643 464.723 4401.733
3301 272.943 377.424 4401.306
3302 206.563 473.555 4401.381
3303 187.123 475.960 4402.504
3304 290.403 478.332 4401.674
3305 313.343 476.638 4401.906
3306 300.493 471.605 4401.846
3307 287.283 462.835 4401.709
3308 518.383 -362.275 4411.828
3309 469.083 -332.861 4411.526
3310 495.103 -347.925 4411.316
3311 456.023 -340.461 4411.818
3312 495.153 -377.792 4411.452
3313 417.523 -452.900 4414.137
3314 521.023 -302.856 4409.258
3315 520.993 -332.896 4410.511
3316 417.673 -394.321 4412.250
3317 469.173 -362.891 4411.197
3318 494.463 -317.898 4410.943
3319 404.023 -370.395 4411.843
3320 479.153 193.742 4401.079
3321 404.233 -385.425 4412.068
3322 417.183 236.773 4400.647
3323 -49.427 386.323 4395.548
3324 441.753 222.628 4400.692
3325 430.143 229.411 4400.173
3326 456.143 244.501 4400.340
3327 339.353 461.787 4404.153
3328 441.253 237.937 4401.338
3329 313.193 417.918 4401.384
3330 315.543 461.361 4402.126
3331 391.063 311.685 4400.970
3332 339.783 341.742 4400.727
3333 222.303 438.798 4403.418
3334 495.713 -78.027 4402.768
3335 -219.367 123.644 4396.663
3336 327.653 336.415 4401.183
3337 368.153 311.878 4400.829
3338 391.483 327.877 4402.809
3339 238.703 417.670 4400.200
3340 196.323 410.259 4400.779
3341 211.793 459.802 4402.173
3342 352.753 -268.049 4409.880
3343 222.543 -445.431 4412.763
3344 196.353 424.031 4400.910
3345 248.303 439.354 4402.405
3346 170.443 -550.396 4415.787
3347 222.053 424.912 4401.710
3348 235.393 431.824 4401.774
3349 378.093 -344.127 4411.698
3350 371.063 -347.095 4411.599
3351 131.333 -588.223 4418.259
3352 364.523 -332.023 4411.684
3353 157.423 -574.380 4416.896
3354 156.863 -603.776 4417.906
3355 287.253 -497.804 4414.815
3356 -219.217 109.424 4396.288
3357 209.913 -453.122 4412.887
3358 248.473 -310.393 4411.513
3359 469.193 -183.120 4406.762
3360 248.353 -325.538 4411.556
3361 479.183 -168.855 4405.970
3362 469.523 -168.005 4406.136
3363 339.193 -362.975 4411.818
3364 508.603 -146.071 4405.130
3365 235.333 -302.911 4412.071
3366 482.253 -160.392 4405.940
3367 298.143 -296.498 4412.681
3368 235.303 -287.939 4412.030
3369 222.523 -295.443 4412.746
3370 -128.247 221.940 4395.200
3371 534.063 -145.383 4404.608
3372 -37.427 198.108 4395.625
3373 -400.617 -129.113 4395.971
3374 -141.287 216.093 4394.864
3375 -74.107 266.599 4395.201
3376 -180.177 161.913 4396.842
3377 183.503 -557.963 4416.368
3378 -167.337 139.347 4398.028
3379 209.343 -572.877 4415.943
3380 495.313 -168.077 4405.932
3381 -102.377 146.906 4395.021
3382 287.333 -302.824 4411.573
3383 534.113 -130.436 4404.553
3384 274.303 -265.518 4410.427
3385 261.363 -272.850 4410.756
3386 274.373 -280.738 4410.623
3387 521.033 -152.407 4404.804
3388 235.413 -333.975 4411.702
3389 287.433 -288.577 4411.005
3390 400.963 -340.660 4411.503
3391 391.293 -333.028 4411.314
3392 287.633 -273.010 4410.306
3393 469.783 -152.900 4405.427
3394 248.383 -295.403 4411.346
3395 170.313 -490.790 4413.247
3396 160.613 -495.242 4413.115
3397 -141.417 109.420 4396.569
3398 144.493 -475.499 4412.557
3399 523.803 -137.924 4404.637
3400 170.483 -505.334 4413.846
3401 300.353 -236.478 4409.493
3402 391.213 -257.922 4409.233
3403 292.303 -422.648 4413.817
3404 -98.027 251.847 4395.055
3405 235.383 -557.859 4415.141
3406 222.383 -460.415 4413.359
3407 274.303 -235.517 4409.539
3408 183.543 -467.986 4413.135
3409 404.233 -250.487 4408.949
3410 352.123 -250.815 4409.844
3411 170.583 -475.337 4412.834
3412 -76.227 506.787 4398.467
3413 157.073 -465.907 4412.599
3414 131.583 -484.494 4413.724
3415 170.183 -461.234 4412.611
3416 170.343 -445.369 4412.287
3417 267.523 -228.171 4409.103
3418 -152.647 161.915 4396.247
3419 144.323 -458.833 4412.718
3420 -194.217 275.571 4395.579
3421 261.383 -318.014 4411.883
3422 -202.417 281.881 4394.468
3423 157.503 -452.886 4412.202
3424 -128.277 146.903 4397.734
3425 -219.117 140.318 4398.272
3426 -128.297 161.863 4397.171
3427 -232.087 131.849 4397.199
3428 -154.257 206.934 4395.270
3429 -154.217 176.860 4395.694
3430 -142.317 184.457 4395.853
3431 313.293 -362.071 4412.060
3432 373.253 -356.638 4411.907
3433 222.783 514.235 4402.050
3434 -245.217 139.300 4396.524
3435 -152.727 191.878 4395.834
3436 157.523 -483.268 4412.960
3437 364.993 -273.472 4410.023
3438 287.373 -377.448 4412.213
3439 300.273 -370.348 4412.343
3440 365.193 -302.983 4410.495
3441 378.203 -280.494 4409.844
3442 144.273 -490.655 4412.841
3443 157.703 -544.798 4415.173
3445 151.283 -548.547 4415.083
3446 261.203 -332.895 4411.507
3447 287.563 -242.841 4410.061
3448 352.323 -235.445 4408.986
3449 391.593 -273.011 4409.464
3450 391.193 -287.971 4409.910
3451 300.343 -340.510 4411.688
3452 365.443 -258.664 4410.281
3453 299.003 -354.466 4411.823
3454 287.263 -362.878 4411.928
3455 272.763 -324.486 4412.002
3456 183.473 -587.839 4416.564
3457 274.373 -354.981 4411.751
3458 -72.217 386.777 4394.819
3459 261.393 -347.971 4411.493
3460 274.243 -400.423 4412.623
3461 235.493 -422.822 4412.658
3462 261.533 -407.901 4412.461
3463 248.403 -400.420 4412.346
3464 248.243 -415.327 4412.553
3465 235.413 -407.917 4412.497
3466 274.343 -415.443 4412.648
3467 287.323 -407.900 4412.861
3468 222.443 -415.250 4412.631
3469 261.333 -437.854 4413.814
3470 132.783 -468.346 4412.198
3471 273.813 -382.832 4412.201
3472 391.193 -303.757 4410.669
3473 209.443 -332.904 4411.968
3474 131.653 -498.609 4412.736
3475 222.453 -325.385 4411.840
3476 209.473 -302.944 4413.373
3477 -247.337 188.468 4396.010
3478 495.013 -138.117 4405.448
3479 508.173 -160.498 4405.565
3480 508.043 -129.279 4404.804
3481 378.163 -265.458 4409.611
3482 403.873 -296.176 4410.211
3483 222.403 -310.001 4411.925
3484 301.083 -415.283 4413.614
3485 2.833 521.558 4397.262
3486 300.313 -400.310 4412.793
3487 170.423 -520.346 4414.372
3488 352.233 -220.455 4408.952
3490 287.333 -227.925 4409.146
3491 -178.707 176.946 4395.481
3492 155.263 -512.600 4413.736
3493 -76.437 251.879 4394.977
3494 157.343 -527.951 4414.304
3495 183.503 -497.814 4413.606
3496 157.483 -363.530 4411.800
3497 170.383 -325.384 4413.920
3498 132.553 -559.554 4416.172
3499 -102.417 461.693 4397.493
3500 157.843 -377.864 4411.502
3501 144.533 -370.440 4411.841
3502 119.453 -489.694 4412.158
3503 183.403 -317.851 4413.564
3504 183.453 -347.979 4412.108
3505 196.423 -325.882 4412.161
3506 261.313 -302.883 4411.503
3507 274.163 -310.658 4411.586
3508 274.383 -295.189 4411.166
3509 391.193 -317.819 4411.141
3510 509.453 -180.278 4405.911
3511 390.453 -348.655 4411.523
3512 131.623 -512.805 4413.246
3513 209.423 -467.844 4413.049
3514 183.803 -452.874 4412.840
3515 183.653 -483.021 4413.210
3516 391.233 -362.993 4411.861
3517 378.943 -325.392 4411.302
3518 183.393 -437.839 4412.373
3519 196.413 -476.359 4413.203
3520 175.313 -534.784 4414.923
3521 144.483 -505.816 4413.177
3522 196.343 -490.381 4413.708
3523 196.363 -355.403 4411.960
3524 183.513 -542.924 4415.717
3525 209.413 -542.788 4415.636
3526 158.323 -346.048 4413.309
3527 183.383 -332.853 4412.588
3528 157.543 -332.694 4414.172
3529 326.373 -235.378 4409.254
3530 196.443 -340.410 4412.013
3531 119.343 -505.246 4413.177
3533 494.893 -152.605 4405.341
3534 339.183 -228.011 4408.951
3535 170.543 -340.376 4412.516
3536 210.973 -347.950 4411.825
3537 -167.557 169.583 4396.682
3538 -11.367 334.324 4399.510
3539 -206.117 222.001 4394.279
3540 -452.917 -130.450 4395.530
3541 82.033 -97.384 4398.276
3542 -440.057 -123.495 4396.175
3543 -180.137 146.895 4397.175
3544 -271.137 49.120 4393.912
3545 -388.127 -123.468 4396.627
3546 -425.637 -101.005 4396.717
3547 -141.307 336.932 4394.293
3548 -401.187 -115.914 4396.622
3549 -76.367 161.727 4395.586
3550 -170.927 214.830 4394.966
3551 -327.937 147.558 4395.161
3552 -22.197 266.893 4395.247
3553 -310.077 176.952 4394.001
3554 -277.427 185.414 4394.104
3555 -334.437 131.991 4393.638
3556 -258.127 181.852 4396.536
3557 14.503 227.472 4395.588
3558 -37.517 258.149 4395.066
3559 -279.827 146.653 4394.416
3560 -327.987 169.222 4394.186
3561 -129.557 189.409 4396.373
3562 -167.427 260.443 4395.130
3563 -25.697 341.783 4398.972
3564 -66.887 272.788 4395.273
3565 105.433 446.897 4399.008
3566 -92.547 229.434 4394.976
3567 -171.637 244.084 4394.111
3568 -143.527 248.704 4394.880
3569 -156.487 241.601 4394.988
3570 -13.387 409.341 4397.899
3571 -37.327 349.311 4398.332
3572 -151.217 251.576 4394.803
3573 -11.437 349.355 4399.934
3574 -152.007 222.386 4395.537
3575 -228.437 236.990 4394.328
3576 82.103 356.800 4399.546
3577 -126.477 251.829 4395.265
3578 -167.227 124.407 4396.817
3579 -63.397 243.020 4395.248
3580 -221.367 203.248 4394.588
3581 -233.857 196.011 4395.370
3582 -89.377 304.310 4397.269
3583 -180.147 236.346 4394.098
3584 -306.367 161.908 4394.127
3585 -89.137 156.061 4395.600
3586 -249.347 199.483 4394.351
3587 57.913 221.412 4400.499
3588 -273.447 173.577 4395.904
3589 -400.997 -100.683 4396.876
3590 131.313 431.758 4399.519
3591 -258.137 206.877 4394.416
3592 -411.827 -93.571 4397.064
3593 -462.367 -123.044 4396.604
3594 -63.287 333.972 4396.867
3595 79.493 416.822 4400.049
3596 90.933 422.098 4399.686
3597 -50.447 341.802 4397.662
3598 -169.447 184.341 4395.415
3599 79.513 236.858 4399.370
3600 68.173 230.196 4399.051
3601 -24.577 401.907 4397.497
3602 -451.467 -116.402 4396.577
3603 118.333 455.357 4399.107
3604 107.673 461.609 4398.442
3605 54.673 431.690 4398.423
3606 92.313 452.472 4397.836
3607 53.383 446.648 4398.369
3608 79.323 462.406 4398.796
3609 90.393 469.238 4398.508
3610 -24.407 356.875 4399.810
3611 -37.067 379.254 4397.477
3612 -76.277 311.846 4396.386
3613 -63.367 304.397 4398.113
3614 -76.237 297.727 4397.412
3615 -228.667 266.884 4394.558
3616 -48.887 161.917 4398.562
3617 -193.087 307.624 4394.005
3618 -232.167 251.917 4394.669
3619 -167.627 322.486 4394.438
3620 -196.877 199.408 4394.894
3621 -97.397 296.799 4395.683
3622 27.383 207.024 4398.441
3623 14.403 200.556 4398.742
3624 1.653 191.734 4399.025
3625 -89.297 139.432 4397.277
3626 -102.267 236.861 4395.113
3627 -76.177 146.714 4397.831
3628 -99.427 221.724 4394.774
3629 -63.777 154.536 4398.116
3630 -48.827 252.758 4395.120
3631 -24.037 176.887 4398.042
3632 -11.617 184.369 4398.535
3633 -37.357 169.333 4397.784
3634 -128.307 176.885 4397.328
3635 -179.687 251.895 4394.454
3636 -180.147 281.867 4394.811
3637 -232.207 222.852 4394.526
3638 -206.267 266.902 4394.891
3639 -246.977 245.216 4395.211
3640 -206.177 161.817 4397.178
3641 -193.207 154.377 4398.262
3642 -154.227 326.989 4394.888
3643 -193.117 124.404 4396.139
3644 -232.147 116.857 4397.380
3645 -115.347 350.169 4395.149
3646 -206.257 146.938 4398.272
3647 30.103 -127.524 4397.253
3648 -206.177 176.901 4396.336
3649 -193.237 139.365 4397.076
3650 -232.257 101.930 4396.017
3651 -63.407 380.922 4395.709
3652 -231.757 146.833 4396.086
3653 -205.617 131.869 4396.861
3654 -37.547 399.324 4395.708
3655 -232.237 161.894 4396.918
3656 -245.327 154.412 4397.114
3657 -256.767 161.798 4396.408
3658 -115.057 182.344 4395.577
3659 -110.727 260.380 4396.714
3660 -274.267 153.028 4394.112
3661 -116.307 267.982 4395.421
3662 -115.607 154.913 4397.498
3663 -219.227 169.349 4396.975
3664 -206.287 116.937 4396.189
3665 -100.037 131.853 4396.967
3666 -115.307 139.451 4398.177
3667 79.413 401.831 4400.041
3668 -414.107 -108.446 4396.675
3669 143.593 439.355 4399.860
3670 -102.307 341.965 4394.782
3671 160.823 401.766 4399.243
3672 -466.087 -108.417 4396.595
3673 -466.227 -137.233 4396.030
3674 169.643 404.835 4399.969
3675 105.683 431.752 4399.441
3676 170.413 394.424 4399.034
3677 -453.047 -100.927 4396.754
3678 -76.167 169.798 4395.804
3679 -180.187 131.931 4396.929
3680 -167.197 154.363 4397.119
3681 40.593 215.099 4398.306
3682 -180.027 190.233 4394.948
3683 -154.237 146.873 4396.889
3684 -141.307 154.328 4396.594
3685 -193.237 169.333 4396.352
3686 -63.487 260.257 4395.252
3687 -202.937 191.876 4394.847
3688 -63.297 171.340 4395.364
3689 -167.367 200.277 4394.978
3690 -193.207 185.241 4395.126
3691 116.073 398.943 4400.452
3692 -219.247 154.373 4397.051
3693 -49.167 371.828 4396.900
3694 106.323 400.704 4400.468
3695 131.383 443.733 4399.360
3696 141.553 413.004 4400.146
3697 131.203 406.046 4400.368
3698 120.523 439.497 4399.425
3699 159.733 430.371 4400.132
3700 -172.387 274.006 4394.617
3701 -176.727 266.904 4394.586
3702 -171.297 304.390 4394.649
3703 -141.397 168.890 4396.441
3704 -176.717 296.840 4394.585
3705 14.663 217.601 4395.492
3706 -198.457 259.339 4394.611
3707 4.633 221.809 4395.433
3708 -298.627 166.115 4393.922
3709 -11.447 272.803 4395.240
3710 -11.487 261.223 4395.259
3711 3.223 281.823 4395.244
3712 27.593 221.839 4395.514
3713 -299.977 184.820 4394.577
3714 -99.717 311.858 4395.995
3715 92.143 243.654 4399.583
3716 -327.827 154.414 4394.784
3717 105.533 251.845 4398.596
3718 1.553 267.378 4395.283
3719 339.283 383.187 4401.309
3720 -231.397 280.387 4394.338
3721 -248.027 214.881 4394.423
3722 -219.847 291.991 4394.271
3723 365.073 385.179 4401.381
3724 -101.937 195.662 4396.836
3725 338.563 371.945 4400.871
3726 -205.697 295.934 4393.976
3727 337.403 417.980 4402.117
3728 -256.007 131.645 4395.104
3729 -453.077 -10.940 4399.070
3730 -197.277 289.423 4394.488
3731 -180.117 311.949 4394.011
3732 -242.287 277.790 4394.381
3733 -76.407 191.844 4396.182
3734 -63.297 199.864 4396.046
3735 -312.007 150.957 4394.290
3736 -50.267 206.782 4396.118
3737 -49.277 221.897 4396.582
3738 -76.347 221.763 4395.359
3739 66.133 426.308 4398.708
3740 113.093 410.766 4399.602
3741 -100.027 273.645 4397.122
3742 -227.997 206.950 4394.609
3743 -91.627 259.398 4395.207
3744 -90.857 278.987 4397.627
3745 -115.287 124.316 4399.524
3746 14.683 304.392 4397.099
3747 132.863 372.893 4398.951
3748 -141.257 124.338 4397.298
3749 145.913 381.097 4398.976
3750 -127.277 270.174 4395.378
3751 -271.117 109.286 4393.752
3752 -144.217 259.405 4394.989
3753 79.383 431.764 4398.962
3754 -154.307 266.863 4394.261
3755 -145.547 229.466 4395.124
3756 -202.227 250.989 4394.504
3757 -193.227 244.420 4394.475
3758 -168.997 94.287 4395.968
3759 -115.257 302.026 4395.135
3760 -276.387 124.346 4394.090
3761 -253.057 112.032 4394.709
3762 -223.337 244.395 4394.478
3763 -223.927 274.117 4394.420
3764 -245.377 107.968 4394.928
3765 -78.027 286.287 4398.252
3766 -280.857 176.956 4395.008
3767 -248.417 259.351 4395.224
3768 -244.507 98.154 4394.376
3769 -65.717 293.874 4398.100
3770 -24.427 221.816 4396.618
3771 -219.897 260.069 4395.371
3772 -10.997 231.221 4396.939
3773 1.453 206.761 4395.381
3774 -22.507 206.893 4395.430
3775 -37.517 227.422 4396.523
3776 -37.567 215.221 4395.749
3777 -89.427 167.240 4395.666
3778 -154.277 101.849 4396.681
3779 -219.657 94.222 4396.454
3780 -128.357 116.813 4397.565
3781 -141.277 139.381 4396.595
3782 -230.677 86.906 4396.057
3783 -205.517 72.334 4396.189
3784 -127.997 281.859 4394.791
3785 156.773 507.376 4402.233
3786 -177.447 226.323 4394.775
3787 -200.117 230.378 4394.015
3788 80.153 446.662 4399.676
3789 -226.147 214.970 4394.209
3790 -362.047 11.665 4396.381
3791 105.273 417.776 4399.234
3792 65.623 439.230 4398.792
3793 -101.517 281.742 4395.099
3794 -90.997 289.375 4395.552
3795 -220.937 184.441 4396.002
3796 92.533 439.366 4399.019
3797 314.883 388.362 4401.623
3798 -245.257 169.281 4396.809
3799 325.593 377.448 4400.969
3800 315.563 373.610 4402.959
3801 -203.397 210.900 4394.798
3802 -89.527 319.259 4396.495
3803 -231.997 176.958 4397.006
3804 -179.787 116.804 4396.323
3805 -258.137 146.807 4394.897
3806 92.483 409.919 4399.251
3807 -176.317 206.869 4394.698
3808 -257.547 115.889 4394.485
3809 106.123 552.190 4402.807
3810 -204.417 54.283 4398.105
3811 1.713 416.705 4398.039
3812 -114.647 108.187 4398.816
3813 170.343 19.678 4398.297
3814 53.403 522.287 4401.074
3815 -195.757 218.572 4394.666
3816 -141.277 199.189 4395.760
3817 -244.007 124.364 4395.960
3818 -127.147 206.645 4396.186
3819 -154.287 116.789 4396.393
3820 323.173 397.412 4400.969
3821 157.303 326.885 4398.637
3822 300.133 393.958 4401.766
3823 118.973 347.482 4398.832
3824 182.783 536.953 4403.459
3825 316.493 401.765 4400.917
3826 370.473 405.629 4402.038
3827 311.693 356.793 4403.201
3828 -218.797 229.383 4393.957
3829 323.913 364.578 4401.039
3830 297.473 365.219 4401.583
3831 144.503 320.316 4398.938
3832 118.343 334.758 4398.875
3833 144.473 485.231 4401.762
3834 -154.187 131.986 4396.947
3835 157.343 566.789 4403.566
3836 -74.407 206.803 4395.513
3837 -64.787 214.309 4395.700
3838 -258.427 192.403 4393.873
3839 -128.247 243.747 4394.982
3840 105.343 567.360 4406.269
3841 170.563 543.471 4403.222
3842 -102.737 536.218 4401.622
3843 131.223 581.850 4403.269
3844 -279.667 236.481 4394.871
3845 -286.327 165.892 4394.810
3846 -193.237 109.408 4396.396
3847 -180.187 101.805 4396.646
3848 -220.227 64.160 4396.236
3849 -167.277 109.419 4396.824
3850 -307.917 135.619 4393.881
3851 -193.297 94.449 4396.625
3852 -179.067 86.778 4395.864
3853 326.243 409.435 4400.856
3854 -126.087 295.491 4395.547
3855 -232.197 71.854 4396.309
3856 -115.327 288.760 4394.758
3857 -299.297 158.245 4394.220
3858 -102.607 551.222 4402.183
3859 -25.007 489.648 4396.294
3860 -206.247 86.870 4396.363
3861 -205.847 101.800 4396.617
3862 -194.037 77.915 4395.692
3863 -89.537 424.099 4397.101
3864 -37.417 186.263 4395.302
3865 -63.337 182.285 4395.407
3866 -47.917 191.812 4395.360
3867 -50.447 176.674 4395.114
3868 -169.427 233.676 4394.584
3869 -115.757 498.730 4400.680
3870 183.363 551.865 4402.678
3871 -11.497 203.895 4395.346
3872 -24.517 191.782 4395.591
3873 -219.407 303.697 4394.934
3874 -245.657 318.448 4395.514
3875 352.273 379.335 4400.749
3876 352.093 409.260 4401.211
3877 -219.737 319.670 4396.099
3878 -230.617 296.307 4394.843
3879 26.613 399.168 4400.735
3880 338.223 404.463 4401.738
3881 -256.647 311.532 4395.542
3882 -206.017 236.343 4394.278
3883 -258.357 326.583 4396.079
3884 158.803 538.011 4404.609
3885 16.423 -137.810 4396.024
3886 -47.887 -174.796 4395.849
3887 -8.857 -152.388 4395.944
3888 4.023 -145.196 4395.933
3889 -34.697 -167.521 4395.799
3890 160.533 377.224 4399.046
3891 -21.957 -160.213 4395.686
3892 40.483 199.476 4400.097
3893 -60.787 -182.264 4395.803
3894 -178.837 69.634 4398.568
3895 -191.807 62.005 4398.347
3896 -194.357 19.396 4397.106
3897 -206.247 41.802 4397.977
3898 -63.687 558.829 4401.264
3899 -49.907 596.890 4402.312
3900 -218.957 498.789 4403.640
3901 -49.647 536.120 4398.767
3902 -50.427 521.610 4398.487
3903 -206.027 506.171 4403.813
3904 -22.227 506.655 4396.373
3905 -88.837 455.088 4397.452
3906 -11.607 514.043 4397.315
3907 -78.067 461.691 4397.633
3908 -115.417 439.188 4397.334
3909 -24.477 521.626 4397.989
3910 -76.687 611.253 4403.086
3911 -50.657 626.192 4403.644
3912 -50.507 507.510 4398.559
3913 -219.327 514.306 4404.119
3914 -50.547 491.643 4395.845
3915 -62.517 529.537 4398.909
3916 -89.647 513.753 4400.556
3917 -37.717 558.757 4401.236
3918 -50.697 551.292 4401.213
3919 -50.697 566.234 4401.339
3920 -43.747 540.523 4399.130
3921 -89.687 528.723 4400.949
3922 -74.977 536.355 4400.261
3923 94.303 -90.277 4398.470
3924 -219.227 393.909 4399.372
3925 -24.177 161.454 4399.695
3926 -37.487 495.960 4395.814
3927 -297.247 256.396 4395.085
3928 -37.087 154.005 4399.490
3929 -11.227 169.192 4399.848
3930 14.533 184.411 4399.865
3931 -102.647 521.151 4400.877
3932 -271.457 241.092 4394.963
3933 133.683 -69.874 4396.825
3934 -271.097 231.346 4394.663
3935 1.553 176.903 4399.843
3936 157.493 491.854 4401.733
3937 79.433 176.972 4395.083
3938 14.543 544.249 4398.848
3939 144.423 470.504 4399.520
3940 157.283 478.281 4400.127
3941 170.453 485.640 4401.071
3942 182.963 493.300 4401.297
3943 170.403 470.161 4399.891
3944 127.643 100.663 4398.668
3945 168.783 499.016 4402.678
3946 208.623 535.593 4401.514
3947 209.263 521.810 4401.315
3948 104.733 146.517 4400.385
3949 196.303 529.230 4403.890
3950 1.423 447.118 4397.541
3951 -153.137 85.017 4398.629
3952 -50.467 461.627 4395.078
3953 16.073 488.067 4395.943
3954 -518.017 -18.458 4397.656
3955 56.063 -112.421 4397.914
3956 27.473 446.773 4398.611
3957 43.103 -120.136 4397.427
3958 -140.287 92.868 4398.659
3959 -11.357 500.772 4396.577
3960 -127.587 100.540 4398.745
3961 8.513 455.135 4397.355
3962 71.283 -104.249 4400.327
3963 -257.787 416.152 4401.690
3964 29.803 477.411 4397.095
3965 85.793 -108.954 4398.226
3966 14.593 425.557 4398.038
3967 47.773 -130.339 4397.648
3968 4.803 491.698 4396.625
3969 -86.567 -172.377 4396.238
3970 -148.907 -67.364 4395.056
3971 -154.157 -62.644 4394.944
3972 -144.227 -65.860 4394.692
3973 -94.947 -180.432 4396.343
3974 -47.247 402.110 4394.663
3975 -25.797 431.241 4394.972
3976 -102.337 401.674 4396.771
3977 13.163 514.226 4398.212
3978 -60.497 501.700 4398.870
3979 -89.367 409.354 4396.690
3980 -50.157 431.346 4394.794
3981 -76.697 521.269 4400.301
3982 -11.297 529.628 4398.181
3983 -63.577 423.858 4396.852
3984 -89.477 439.103 4397.434
3985 -63.437 453.414 4397.038
3986 -591.707 -42.730 4396.488
3987 -51.137 447.167 4396.280
3988 -102.317 431.686 4397.382
3989 -63.477 484.189 4396.315
3990 -75.827 446.715 4397.762
3991 -68.637 441.898 4397.569
3992 -89.507 469.168 4397.699
3993 -76.357 476.602 4397.674
3994 -61.227 470.075 4395.902
3995 31.193 506.284 4397.913
3996 -488.717 339.458 4407.622
3997 146.903 -61.870 4396.052
3998 40.653 543.672 4399.933
3999 108.363 -84.815 4396.115
4000 27.673 550.864 4399.690
4001 53.813 476.711 4396.770
4002 53.543 491.741 4398.124
4003 158.813 369.011 4399.004
4004 183.093 385.347 4400.547
4005 156.603 386.372 4398.896
4006 27.523 566.229 4401.241
4007 27.803 536.663 4398.978
4008 -206.317 326.517 4395.372
4009 40.273 486.624 4396.257
4010 -203.287 311.268 4394.847
4011 -427.067 169.019 4396.902
4012 -461.727 191.757 4399.869
4013 -128.397 506.720 4401.425
4014 -309.627 385.954 4402.150
4015 -115.737 512.981 4401.121
4016 14.413 529.158 4398.372
4017 -453.997 198.929 4400.218
4018 -453.057 229.061 4400.029
4019 -439.737 236.564 4399.640
4020 62.373 469.283 4397.606
4021 -310.177 372.413 4401.547
4022 209.223 596.834 4402.097
4023 53.453 536.823 4400.166
4024 -386.407 237.042 4398.531
4025 184.823 504.617 4404.888
4026 184.303 584.965 4402.317
4027 181.973 523.232 4404.188
4028 210.543 566.820 4402.232
4029 66.393 528.583 4400.643
4030 144.483 511.962 4403.425
4031 168.233 515.196 4403.291
4032 -362.147 206.790 4396.444
4033 53.483 509.443 4399.340
4034 27.493 191.958 4400.037
4035 -189.307 6.663 4395.427
4036 81.843 475.707 4398.093
4037 -165.977 77.232 4398.658
4038 53.473 206.938 4398.963
4039 65.193 212.928 4400.709
4040 69.803 196.140 4396.166
4041 77.713 191.766 4399.405
4042 91.933 169.645 4398.913
4043 -63.457 394.081 4394.532
4044 120.953 -77.110 4396.110
4045 -75.757 -185.570 4395.965
4046 170.383 529.031 4403.646
4047 -88.537 -190.841 4396.320
4048 -50.147 416.626 4394.619
4049 144.253 454.389 4398.779
4050 -415.827 386.535 4405.539
4051 131.233 462.334 4397.275
4052 179.363 -4.258 4395.549
4053 157.453 597.745 4402.251
4054 63.033 484.723 4396.846
4055 144.583 64.345 4396.194
4056 196.303 514.338 4403.754
4057 66.473 499.248 4400.685
4058 172.803 -47.045 4396.075
4059 162.023 35.599 4395.452
4060 185.663 -40.856 4396.242
4061 -208.097 536.691 4404.445
4062 -76.697 551.253 4401.017
4063 105.393 480.009 4397.253
4064 -505.017 -55.855 4397.474
4065 -322.197 409.793 4404.140
4066 -152.797 341.454 4394.967
4067 -362.167 416.686 4405.287
4068 -309.957 446.562 4404.159
4069 -297.347 379.475 4401.323
4070 -297.047 393.571 4402.271
4071 -63.617 544.093 4400.480
4072 -195.927 512.200 4403.646
4073 94.443 155.010 4395.367
4074 -101.737 115.875 4398.948
4075 131.223 86.912 4396.162
4076 -303.557 414.541 4403.393
4077 116.293 110.378 4395.815
4078 117.003 123.714 4400.355
4079 40.003 454.266 4398.586
4080 40.503 469.991 4397.678
4081 -88.827 123.509 4398.990
4082 55.553 461.679 4397.765
4083 103.063 131.863 4395.934
4084 -75.847 131.195 4399.136
4085 -128.347 521.640 4401.912
4086 -141.417 514.187 4401.675
4087 -257.817 475.944 4403.923
4088 79.443 551.750 4401.038
4089 80.223 510.298 4399.584
4090 -271.267 469.225 4404.549
4091 -115.617 543.151 4401.937
4092 -115.517 528.900 4401.883
4093 158.423 -55.384 4396.245
4094 -24.697 611.258 4402.690
4095 -128.387 536.676 4402.113
4096 -255.527 461.768 4403.559
4098 13.093 558.880 4400.505
4099 40.613 529.783 4399.457
4100 -570.017 -48.425 4396.489
4101 38.223 514.954 4398.921
4102 36.343 503.912 4400.515
4103 144.343 302.855 4398.400
4104 131.593 312.113 4398.454
4105 157.223 296.858 4398.766
4106 144.693 292.061 4398.473
4107 104.633 310.630 4398.978
4108 131.433 291.141 4398.719
4109 508.443 230.430 4401.314
4110 -595.957 -18.401 4397.189
4111 -386.017 492.069 4407.171
4112 107.493 358.116 4398.769
4113 121.643 559.349 4402.923
4114 -530.917 -70.652 4396.991
4115 -543.867 -63.274 4396.238
4116 -595.757 -198.169 4395.960
4117 -553.417 -71.199 4396.394
4118 105.453 506.827 4400.806
4119 40.523 558.558 4401.121
4120 105.413 521.847 4402.188
4121 133.143 491.939 4401.824
4122 111.823 485.145 4398.518
4123 81.003 491.992 4398.538
4124 92.383 482.773 4397.399
4125 53.593 551.841 4400.697
4126 103.363 597.658 4403.466
4127 132.153 521.743 4403.947
4128 27.403 582.713 4403.129
4129 53.423 627.707 4404.943
4130 131.403 552.238 4402.794
4131 79.353 611.463 4403.858
4132 27.553 610.350 4404.820
4133 -336.217 491.956 4406.015
4134 -257.887 536.163 4405.373
4135 143.403 543.402 4403.539
4136 91.723 503.272 4399.114
4137 -141.367 544.235 4402.065
4138 66.443 514.250 4401.477
4139 -505.017 -25.985 4397.984
4140 -517.947 -63.379 4397.818
4141 -115.577 558.738 4402.518
4142 -505.007 -40.905 4397.569
4143 -517.947 -48.357 4397.692
4144 -102.617 596.234 4403.032
4145 -531.207 -56.496 4397.883
4146 -204.597 521.660 4403.809
4147 -517.977 -33.400 4397.578
4148 -128.507 611.659 4404.562
4149 -308.577 401.717 4402.900
4150 131.663 506.474 4404.021
4151 131.333 476.838 4398.176
4152 54.463 567.970 4402.076
4153 -280.117 56.433 4394.085
4154 118.383 472.271 4397.284
4155 77.753 582.779 4404.004
4156 53.543 590.435 4402.204
4157 107.203 491.812 4399.188
4158 131.313 611.846 4403.420
4159 143.603 499.409 4404.510
4160 235.383 71.964 4397.596
4161 -103.087 566.231 4402.377
4162 -128.567 551.703 4402.482
4163 -386.577 206.468 4396.495
4164 -427.207 214.007 4397.828
4165 -375.197 229.075 4396.721
4166 -453.467 213.877 4399.942
4167 -427.167 154.013 4396.936
4168 -335.497 -123.182 4394.097
4169 -400.637 214.029 4397.458
4170 -440.037 131.596 4397.668
4171 -415.127 204.477 4397.065
4172 -427.027 229.094 4399.580
4173 -440.117 221.571 4399.367
4174 -231.887 491.282 4403.427
4175 -232.237 506.710 4404.565
4176 -427.077 184.048 4396.810
4177 -76.647 581.292 4402.390
4178 -426.977 139.047 4396.668
4179 -453.077 139.077 4398.783
4180 -89.677 543.688 4401.578
4181 -287.417 416.727 4402.847
4182 1.233 566.245 4401.992
4183 -465.997 146.559 4400.105
4184 -11.697 558.802 4401.113
4185 -24.807 583.663 4402.293
4186 -452.947 124.098 4400.057
4187 -414.847 146.650 4396.843
4188 -362.127 -3.347 4400.437
4189 -219.247 469.159 4402.428
4190 -24.747 566.260 4401.954
4191 -414.117 161.513 4396.690
4192 -414.377 28.175 4401.511
4193 105.423 536.770 4402.577
4194 -376.927 -10.604 4404.508
4195 -375.167 242.058 4397.823
4196 -387.617 -3.294 4402.821
4197 -506.267 154.584 4401.682
4198 -322.917 -130.955 4393.021
4199 -336.837 -137.534 4392.661
4200 -570.267 146.927 4399.299
4201 -569.817 86.609 4397.159
4202 -309.377 -125.094 4394.222
4203 -594.357 100.686 4397.016
4204 -543.397 158.407 4400.792
4205 -530.777 79.753 4397.230
4206 -297.307 -130.843 4392.912
4207 -556.817 95.054 4397.012
4208 -624.157 89.004 4398.058
4209 -530.957 67.298 4397.578
4210 -622.097 116.991 4400.212
4211 -360.307 -17.649 4405.327
4212 -376.267 -145.293 4392.797
4213 -593.507 131.486 4399.642
4214 -596.087 162.375 4400.785
4215 -328.137 -41.091 4400.645
4216 -308.927 -140.594 4393.301
4217 -544.987 71.573 4396.462
4218 -219.367 333.797 4395.566
4219 -193.417 317.078 4394.329
4220 -230.037 326.969 4395.647
4221 -219.337 349.063 4396.686
4222 -414.097 176.552 4396.779
4223 -102.157 491.758 4398.675
4224 -89.467 499.162 4399.226
4225 -115.457 469.788 4398.370
4226 -77.817 490.081 4398.208
4227 -115.377 484.145 4399.508
4228 -102.737 507.137 4400.467
4229 -232.217 341.479 4396.489
4230 -89.927 484.224 4398.234
4231 -310.267 266.498 4395.513
4232 -542.957 -77.062 4396.293
4233 1.503 536.461 4398.355
4234 -63.017 138.671 4399.241
4235 -50.077 146.261 4399.297
4236 -284.137 251.519 4394.848
4237 -556.907 -55.949 4395.390
4238 183.233 401.792 4400.014
4239 118.513 514.186 4401.197
4240 -336.277 251.315 4396.202
4241 183.363 416.810 4401.124
4242 -206.297 -438.103 4398.797
4243 27.533 522.201 4398.615
4244 117.723 495.960 4400.169
4245 66.603 -280.639 4409.426
4246 -102.937 -498.638 4404.105
4247 158.183 -198.480 4405.711
4248 104.893 -514.895 4414.765
4249 196.453 51.717 4397.717
4250 -232.037 -33.363 4393.701
4251 -165.737 -30.353 4394.998
4252 365.283 -227.978 4409.273
4253 -166.267 -40.333 4394.467
4254 -545.337 86.503 4397.327
4255 364.833 145.880 4401.907
4256 144.393 529.252 4403.769
4257 -473.967 124.637 4399.556
4258 118.413 544.393 4402.485
4259 134.173 537.185 4403.895
4260 79.683 536.804 4401.537
4261 91.943 559.830 4404.225
4262 79.503 521.783 4399.590
4263 155.863 524.037 4402.729
4264 66.393 545.206 4400.610
4265 116.643 528.165 4403.003
4266 92.183 539.719 4402.105
4267 -193.347 529.207 4403.757
4268 92.463 512.756 4400.151
4269 92.483 529.293 4401.826
4270 66.493 559.139 4402.091
4271 -247.307 4.830 4396.398
4272 -505.027 199.911 4402.983
4273 -180.287 581.611 4404.768
4274 -518.877 358.675 4409.721
4275 -232.037 581.599 4405.479
4276 -154.387 566.746 4403.252
4277 -206.577 566.922 4405.877
4278 -154.347 596.692 4404.674
4279 -466.027 326.460 4404.710
4280 -440.117 371.431 4406.462
4281 -492.087 311.434 4405.649
4282 -284.267 -78.317 4396.288
4283 -128.577 582.804 4403.700
4284 -270.847 -85.891 4395.633
4285 -271.077 -70.623 4395.372
4286 -154.327 446.338 4399.270
4287 -206.287 431.538 4400.574
4288 -232.257 461.723 4402.740
4289 -518.057 206.613 4403.285
4290 -232.467 431.588 4401.341
4291 172.853 35.083 4398.592
4293 -258.277 -63.426 4393.991
4294 -245.157 439.217 4401.854
4295 -310.117 416.783 4403.630
4296 -568.987 -58.597 4396.149
4297 -531.017 -41.006 4397.672
4298 -530.967 -10.987 4397.557
4299 -543.967 -48.417 4397.984
4300 -531.017 -25.892 4397.440
4301 -543.997 -33.407 4397.338
4302 -544.077 -18.344 4397.248
4303 1.273 596.270 4403.038
4304 -360.947 506.906 4406.881
4305 -544.457 41.581 4397.675
4306 -531.027 34.065 4397.646
4307 -466.077 -18.454 4398.476
4308 -453.037 333.882 4403.592
4309 -245.297 333.968 4396.325
4310 -388.077 -93.445 4397.638
4311 -551.807 183.691 4404.975
4312 -375.127 -100.937 4397.742
4313 -401.177 64.015 4397.336
4314 -502.487 62.281 4398.026
4315 -248.327 481.610 4403.441
4316 -336.177 221.488 4395.804
4317 -361.997 221.486 4396.445
4318 1.223 626.301 4403.802
4319 -351.167 216.014 4396.245
4320 -152.727 371.492 4396.151
4321 -322.957 199.498 4395.387
4322 -38.877 425.930 4395.676
4323 -349.177 185.198 4394.798
4324 -130.047 367.964 4396.263
4325 -401.147 199.066 4396.845
4326 -142.517 348.723 4395.600
4327 -141.677 364.606 4396.400
4328 -204.337 341.662 4395.704
4329 -167.337 349.447 4395.918
4330 -141.477 377.876 4396.531
4331 -154.457 356.278 4395.725
4332 -284.237 281.500 4395.154
4333 -245.287 286.966 4394.492
4334 -297.517 288.444 4395.868
4335 -167.327 453.955 4400.129
4336 -259.727 266.372 4394.600
4337 -180.337 461.728 4400.992
4338 -280.817 266.451 4394.981
4339 -167.357 469.213 4400.827
4340 -167.287 441.185 4399.717
4341 -179.257 446.345 4400.331
4342 -247.957 408.328 4401.269
4343 -297.257 275.021 4395.585
4344 -543.997 11.485 4397.640
4345 -271.407 271.575 4394.988
4346 -245.347 393.900 4400.391
4347 -557.017 34.043 4397.559
4348 -556.947 71.042 4397.023
4349 -570.007 -153.544 4395.873
4350 -401.117 34.477 4399.231
4351 -453.707 246.270 4400.302
4352 -479.177 -10.974 4398.466
4353 -478.927 4.116 4398.612
4354 -401.187 -25.082 4401.926
4355 -467.027 12.445 4398.622
4356 -492.007 -3.463 4397.980
4357 -271.267 79.027 4393.554
4358 -324.357 -146.980 4392.624
4359 -179.667 -5.339 4394.667
4360 -283.587 -33.373 4395.331
4361 -374.727 -72.341 4399.222
4362 274.293 94.337 4399.520
4363 -375.097 4.133 4399.838
4364 -375.007 19.080 4396.449
4365 300.553 109.658 4401.715
4367 325.923 123.468 4401.403
4368 -219.427 -38.237 4393.803
4369 -555.897 73.867 4396.550
4370 -569.947 26.596 4397.487
4371 -414.047 41.564 4400.023
4372 -557.017 4.040 4397.192
4373 -481.067 63.918 4399.513
4374 -468.177 56.412 4399.943
4375 -466.067 42.424 4403.195
4376 -388.197 12.470 4400.197
4377 -466.087 71.515 4399.651
4378 -177.927 -16.308 4394.406
4379 -206.287 -33.490 4393.901
4380 -440.197 57.314 4402.132
4381 -605.007 -37.157 4396.640
4382 -453.107 64.853 4399.830
4383 -479.137 80.872 4400.227
4384 -427.127 64.134 4400.246
4385 -386.367 26.544 4397.756
4386 -435.827 325.385 4403.417
4387 -414.207 101.562 4397.930
4388 -414.117 71.617 4398.765
4389 -570.017 41.537 4397.512
4390 -439.047 309.447 4402.794
4391 -466.337 357.717 4406.644
4392 -427.057 79.048 4399.613
4393 -414.107 86.622 4398.486
4394 -439.697 71.910 4399.963
4395 -440.147 86.411 4398.996
4396 -452.657 82.105 4399.688
4397 -359.487 -138.598 4393.082
4398 -621.677 26.453 4395.995
4399 -429.237 -29.556 4398.715
4400 -413.947 -18.813 4401.816
4401 -37.687 407.111 4395.369
4402 -466.017 -3.409 4399.091
4403 -569.917 11.546 4397.242
4404 -401.087 -40.918 4399.189
4406 -621.917 -3.416 4397.493
4407 -388.207 -18.499 4405.395
4408 -620.257 -29.328 4396.310
4409 -595.887 11.569 4397.389
4410 -530.407 189.324 4404.474
4411 -230.217 -4.260 4397.189
4412 -453.077 4.046 4400.261
4413 -519.617 162.780 4401.854
4414 -427.137 -55.929 4397.794
4415 -465.947 176.569 4400.603
4416 -232.457 -20.546 4396.386
4417 -452.947 154.058 4397.447
4418 -245.967 -10.068 4396.437
4419 -453.027 169.046 4398.237
4420 -478.947 169.052 4402.378
4421 -453.017 -25.916 4398.887
4422 -542.697 192.474 4403.988
4423 -400.917 154.627 4396.902
4424 -517.937 131.527 4401.305
4425 -491.957 -18.531 4398.286
4426 -310.317 -18.417 4396.221
4427 -504.967 19.058 4397.773
4428 -232.257 356.412 4397.150
4429 -492.287 26.615 4398.605
4430 -492.517 11.486 4398.413
4431 -557.077 19.094 4397.601
4432 -544.017 26.580 4397.461
4433 -466.127 -33.423 4398.293
4434 -504.977 4.039 4397.624
4435 -504.917 -10.979 4397.936
4436 -364.187 146.287 4394.206
4437 -334.607 206.481 4394.526
4438 -348.937 96.530 4394.778
4439 -427.117 49.054 4401.419
4440 -569.367 201.413 4403.602
4441 -426.877 19.149 4406.025
4442 -595.347 -79.025 4391.515
4443 -530.737 199.460 4403.612
4444 -492.027 -78.381 4397.137
4445 -504.997 -85.892 4396.966
4446 -417.107 264.376 4401.749
4447 -453.127 -40.994 4398.227
4448 -427.047 259.022 4400.947
4449 -440.067 -48.440 4398.037
4450 -479.137 243.967 4401.070
4451 -466.857 317.421 4403.248
4452 -504.967 229.024 4401.872
4453 -466.437 296.172 4402.704
4454 -493.307 233.876 4401.758
4455 -464.717 281.996 4402.206
4456 -465.637 253.080 4400.444
4457 -453.017 303.002 4403.371
4458 -115.507 394.223 4396.679
4459 1.543 509.899 4395.746
4460 -478.797 304.400 4402.476
4461 -565.447 -140.528 4395.810
4462 -284.127 41.659 4394.095
4463 -271.607 33.923 4393.760
4464 -324.217 -26.050 4397.551
4465 -451.347 318.863 4403.145
4466 -323.187 33.988 4394.874
4467 -244.977 -26.094 4393.415
4468 -338.347 -16.397 4397.708
4469 -349.457 -10.456 4399.017
4470 -336.147 41.698 4394.386
4471 -258.347 -2.634 4393.965
4472 -258.297 11.507 4394.023
4473 -153.477 -51.081 4396.862
4474 -438.357 146.549 4397.164
4475 -360.387 101.649 4394.633
4476 -427.657 -130.273 4396.258
4477 -543.117 148.983 4398.565
4478 -362.157 116.271 4394.916
4479 -388.097 116.461 4394.846
4480 -380.037 124.161 4394.685
4481 -388.017 -138.528 4393.280
4482 -438.477 -108.795 4396.639
4483 -413.297 -138.414 4394.208
4484 -452.977 109.592 4399.675
4485 -402.297 -145.707 4392.319
4486 -55.307 401.597 4394.863
4487 -413.987 -123.285 4396.479
4488 -375.257 111.911 4395.415
4489 -310.167 221.560 4394.805
4490 -492.007 41.527 4399.202
4491 -492.017 56.561 4398.713
4492 -492.047 101.591 4398.705
4493 -464.787 116.500 4400.604
4494 -479.257 48.996 4399.916
4495 -489.597 130.540 4399.412
4496 -479.017 108.977 4399.093
4497 -310.047 -47.264 4396.907
4498 -310.187 -33.400 4396.145
4499 -311.007 -63.508 4398.948
4500 -336.067 401.818 4403.954
4501 -542.937 117.037 4397.789
4503 -518.057 146.490 4400.418
4504 -558.597 109.035 4397.411
4505 -569.867 -213.350 4395.921
4506 509.403 80.284 4402.250
4507 416.983 177.969 4401.256
4508 -545.427 101.594 4397.098
4509 -556.967 124.401 4398.219
4511 482.073 216.279 4400.542
4512 -546.407 131.889 4398.254
4513 -347.117 -54.799 4401.882
4514 -465.897 101.577 4401.151
4515 455.433 201.740 4401.255
4516 -595.877 191.495 4402.279
4517 -297.247 -25.921 4395.877
4518 -193.017 454.450 4401.162
4519 -569.957 176.590 4401.638
4520 -491.897 221.202 4401.849
4521 -399.327 394.171 4407.301
4522 -206.187 476.697 4402.853
4523 -543.927 222.033 4403.926
4524 -232.197 446.733 4402.103
4525 -193.427 484.224 4402.602
4526 -502.897 184.384 4405.597
4527 -205.307 461.509 4401.938
4528 -375.137 333.972 4401.374
4529 -401.267 108.494 4397.249
4530 -388.007 86.663 4394.802
4531 -98.997 371.698 4394.506
4532 -258.027 251.790 4394.101
4533 -345.827 43.305 4394.968
4534 -372.357 33.708 4396.919
4535 -297.307 65.108 4394.383
4536 -337.517 116.704 4393.966
4537 -377.767 353.658 4402.338
4538 -388.087 71.474 4394.693
4539 -297.347 76.456 4394.155
4540 -322.577 378.348 4402.379
4541 -413.277 281.455 4401.097
4542 -193.357 348.674 4395.732
4543 -427.277 289.422 4401.434
4544 -335.647 370.865 4402.315
4546 -284.087 371.387 4400.958
4547 -283.587 446.986 4404.104
4548 -282.577 385.821 4401.480
4549 -387.997 281.674 4400.408
4550 -270.847 453.908 4403.877
4551 -280.747 86.518 4393.801
4553 -399.067 -86.015 4397.681
4554 -439.657 281.836 4401.228
4555 -413.077 245.524 4400.021
4556 -426.107 319.811 4402.932
4557 -271.307 93.952 4393.665
4558 -427.087 333.915 4403.323
4559 -422.497 327.465 4402.716
4560 -414.117 296.508 4401.328
4561 -570.377 -182.946 4396.035
4562 -540.807 -171.386 4396.171
4563 -504.977 94.009 4399.695
4564 -493.597 76.432 4398.954
4565 -594.077 -177.602 4395.685
4566 -544.027 311.436 4411.295
4567 -535.457 -94.780 4396.368
4568 -512.447 170.455 4404.951
4569 -569.637 266.408 4412.317
4570 -11.747 469.688 4397.395
4571 -439.587 266.596 4400.653
4572 -515.317 71.530 4397.310
4573 -543.967 281.558 4409.381
4574 -516.317 326.278 4408.606
4575 -492.117 116.518 4400.876
4576 -335.967 176.617 4393.700
4577 -556.967 -40.951 4397.228
4578 -436.577 296.398 4401.862
4579 -556.957 -25.993 4397.346
4580 -491.957 86.500 4400.555
4582 -335.197 -32.802 4401.150
4583 -359.947 41.512 4394.694
4584 -440.047 251.481 4400.288
4585 -479.027 228.952 4401.655
4586 -465.157 236.747 4399.943
4587 -378.697 64.149 4394.673
4588 -349.147 38.316 4394.606
4589 -349.367 103.535 4394.049
4590 -351.137 78.904 4394.668
4591 -385.137 56.757 4395.386
4592 -115.177 379.257 4396.570
4593 -297.327 243.912 4395.327
4594 -258.267 296.494 4395.208
4595 -400.517 377.588 4404.787
4596 -388.157 400.881 4405.559
4597 -126.657 386.377 4397.091
4598 -375.197 409.251 4405.229
4599 -388.187 -47.596 4399.410
4600 -102.437 386.784 4396.477
4601 -310.247 311.406 4399.353
4602 -290.387 3.256 4395.764
4603 -11.547 482.509 4397.093
4604 -22.877 446.656 4396.780
4605 -323.397 -10.335 4396.371
4606 -544.027 -3.456 4397.445
4607 -362.087 56.075 4395.083
4608 -351.227 7.704 4396.261
4609 -569.937 -18.456 4397.010
4610 -556.917 -10.976 4397.281
4611 -336.157 -3.487 4396.208
4612 -323.227 -55.368 4401.028
4613 -343.207 -40.876 4403.768
4614 -426.997 244.041 4399.898
4615 -569.957 -3.490 4397.269
4616 -335.907 -48.612 4402.553
4617 -12.447 440.196 4397.560
4618 -375.057 214.092 4396.547
4619 -214.317 5.794 4396.800
4620 -427.057 32.128 4403.824
4621 -348.517 363.689 4402.304
4622 -22.247 416.674 4397.161
4623 -219.217 -10.930 4396.222
4624 -206.087 -8.285 4395.881
4625 -297.307 -10.872 4396.290
4626 -284.227 -18.457 4395.921
4627 -440.087 -33.492 4398.745
4628 -358.337 131.536 4394.153
4629 -492.107 161.995 4405.785
4630 -401.017 138.996 4396.840
4631 -453.147 49.910 4403.463
4632 -375.247 80.512 4394.842
4633 -362.407 341.382 4401.487
4634 -361.957 86.728 4394.253
4636 -336.167 386.720 4403.217
4637 -361.557 355.708 4402.109
4638 -501.107 108.972 4400.666
4639 -457.907 93.989 4400.141
4640 -442.207 44.402 4403.894
4641 -386.557 101.473 4394.816
4642 -479.227 93.978 4401.115
4643 -298.817 19.052 4395.366
4644 -282.367 7.483 4395.251
4645 -281.617 26.717 4394.547
4646 -379.127 363.565 4403.164
4647 -284.207 -48.338 4395.033
4648 -479.087 -55.970 4397.609
4649 -322.767 18.243 4395.306
4650 -465.997 -48.450 4398.042
4651 -297.367 35.186 4394.356
4652 -453.147 -55.952 4397.650
4653 -310.237 26.598 4395.153
4654 -271.247 -56.965 4394.376
4655 -504.967 -130.874 4396.474
4656 -180.377 371.279 4396.729
4657 -295.117 -69.913 4396.264
4658 -401.357 -55.174 4398.407
4659 -530.957 -130.883 4396.151
4660 -167.557 363.911 4396.512
4661 -178.477 326.410 4394.886
4662 -505.017 -115.872 4396.098
4663 -517.937 -123.492 4396.203
4664 -505.687 -149.304 4396.216
4665 -128.797 461.347 4398.372
4666 -518.047 -108.439 4396.255
4667 -427.437 -146.947 4392.763
4668 -490.677 -140.713 4396.018
4669 -193.097 -14.144 4394.476
4670 -169.927 333.456 4394.516
4671 -398.477 334.460 4401.888
4672 -439.947 341.436 4403.631
4673 -362.087 191.497 4395.033
4674 -297.217 227.143 4394.941
4675 -334.987 356.313 4401.102
4676 -413.897 342.642 4403.230
4677 -309.487 251.433 4395.678
4678 -271.417 423.202 4402.512
4679 -414.117 -48.374 4398.427
4680 -250.927 -34.232 4394.255
4681 -351.227 -72.468 4399.692
4682 -327.607 184.268 4394.000
4683 -284.047 192.028 4393.748
4684 -388.147 356.780 4402.879
4685 -414.127 356.524 4403.450
4686 -426.717 5.028 4404.897
4687 -11.517 424.247 4397.066
4688 -323.347 273.178 4396.880
4689 -50.487 476.624 4395.992
4690 -12.107 453.006 4396.996
4691 -427.087 -40.971 4398.544
4692 -37.587 466.156 4395.974
4693 -401.097 94.035 4397.087
4694 -21.857 476.631 4396.843
4695 -245.357 348.777 4397.016
4696 -193.447 334.238 4395.926
4697 1.463 476.216 4396.582
4698 -244.927 363.646 4398.873
4699 -257.047 356.112 4398.307
4700 -270.187 363.509 4399.230
4701 -362.147 252.904 4397.768
4702 -375.297 93.549 4394.904
4703 -403.567 78.938 4397.973
4704 -103.927 476.323 4398.432
4705 -401.107 125.391 4396.775
4706 -141.367 484.272 4400.928
4707 -257.777 341.301 4396.863
4708 -282.697 296.478 4396.550
4709 -167.547 484.245 4401.085
4710 -258.857 370.671 4399.148
4711 -180.327 489.785 4401.387
4712 -349.227 409.189 4404.301
4713 -154.477 491.674 4401.095
4714 -248.797 228.324 4393.857
4715 -141.287 468.919 4400.355
4716 -154.307 476.647 4400.649
4717 -153.977 461.467 4400.314
4718 -306.847 -82.479 4397.358
4719 -349.017 394.286 4404.373
4720 -595.057 76.941 4397.271
4721 -414.027 -3.580 4404.052
4722 -360.417 401.904 4404.613
4723 -151.157 521.863 4401.627
4724 -596.427 42.893 4396.824
4725 -167.397 499.672 4401.529
4726 -180.277 506.581 4402.527
4727 -437.587 176.002 4397.034
4728 -621.827 56.526 4397.133
4729 -427.237 199.025 4397.435
4730 -434.097 206.730 4398.061
4731 -154.467 506.689 4401.397
4732 -530.967 153.964 4400.528
4733 -399.547 228.864 4398.535
4734 -510.567 139.967 4401.414
4735 -128.327 416.615 4397.139
4736 -310.107 206.578 4394.238
4737 -336.267 431.634 4404.801
4738 -115.477 454.239 4397.459
4739 -115.767 364.223 4396.086
4740 -128.447 401.449 4396.764
4741 -91.177 379.540 4395.546
4743 -245.347 304.416 4395.958
4744 -297.187 215.556 4394.996
4745 -388.047 371.680 4403.781
4746 30.943 494.569 4396.501
4747 -349.137 -25.987 4403.494
4748 -178.367 356.409 4396.155
4749 -338.977 -73.328 4400.876
4750 -287.747 221.365 4394.974
4751 -347.137 -85.022 4399.291
4752 -337.927 -93.125 4399.722
4753 -297.247 -100.908 4396.344
4754 -180.417 341.477 4394.982
4755 -336.147 -106.997 4400.074
4756 -530.947 110.284 4396.847
4757 -374.167 -25.011 4403.886
4758 -388.107 -78.443 4398.606
4759 -335.847 296.367 4399.497
4760 -126.757 356.355 4395.676
4761 -401.157 168.756 4396.602
4762 -344.957 376.335 4403.263
4763 -388.147 131.540 4396.069
4764 -322.637 364.568 4401.354
4765 -376.727 153.968 4396.102
4766 -271.347 303.732 4395.834
4767 -401.427 191.200 4396.643
4768 -375.197 199.008 4396.230
4769 -306.337 191.689 4394.008
4770 -349.147 198.984 4394.522
4771 -297.207 304.158 4396.918
4772 -466.007 386.501 4408.712
4773 -284.307 311.498 4396.623
4774 -193.397 408.790 4398.532
4775 -206.367 386.370 4398.191
4776 -193.447 378.901 4397.020
4777 -255.357 281.451 4394.948
4778 -400.357 183.495 4396.922
4779 -388.297 191.221 4396.652
4780 -206.127 401.311 4399.320
4781 -271.207 318.929 4396.908
4782 -297.397 196.371 4393.935
4783 -271.317 290.076 4395.763
4784 -206.387 356.463 4396.784
4785 -192.907 393.611 4398.284
4786 -193.237 364.034 4396.763
4787 -349.007 317.473 4400.307
4788 -297.217 318.941 4398.390
4789 -310.497 341.726 4400.722
4790 -154.417 536.589 4402.179
4791 -167.357 528.734 4402.482
4792 -362.207 326.418 4400.988
4793 -323.247 333.885 4400.735
4794 -180.337 552.320 4404.163
4795 -167.387 544.231 4403.062
4796 -177.947 537.593 4403.753
4797 -128.807 476.710 4399.601
4798 -130.637 488.366 4400.583
4799 -310.307 296.932 4398.282
4800 -231.957 522.047 4404.979
4801 -180.287 521.419 4403.476
4802 -297.317 -85.956 4396.998
4803 -77.567 402.596 4396.685
4804 -375.177 -85.849 4398.497
4805 -75.897 422.941 4397.239
4806 -141.477 438.787 4397.824
4807 -130.877 428.543 4397.592
4808 -77.547 431.886 4397.292
4809 -102.337 445.900 4397.207
4810 -348.967 125.345 4394.447
4811 -282.527 356.365 4399.766
4812 -336.227 341.353 4400.977
4813 -310.257 326.347 4399.759
4814 -323.257 349.086 4400.989
4815 -271.707 484.032 4404.878
4817 -271.277 348.456 4399.163
4818 -141.377 499.179 4401.252
4819 -297.387 333.665 4399.527
4820 -349.217 334.973 4400.950
4821 -141.437 529.199 4401.686
4822 -336.237 326.474 4400.325
4823 14.433 468.186 4397.598
4824 -439.807 -152.236 4392.688
4825 -310.347 355.923 4401.163
4826 -336.087 101.449 4393.829
4827 -323.307 81.535 4394.283
4828 -309.867 86.095 4394.200
4829 -478.967 -145.987 4394.943
4830 -323.107 110.139 4394.836
4831 -440.207 -139.210 4396.056
4832 -492.037 -152.556 4395.037
4833 -306.797 101.460 4394.116
4834 -325.797 93.757 4394.109
4835 -457.027 -146.942 4394.277
4836 -332.787 86.426 4394.033
4837 -388.167 431.677 4406.193
4838 -491.937 372.410 4408.778
4839 -387.747 269.239 4400.108
4840 -24.717 551.202 4400.773
4841 -206.347 -18.343 4394.650
4842 -39.277 454.348 4396.100
4843 -414.227 -78.403 4397.712
4844 -401.207 348.987 4402.841
4845 15.103 502.302 4396.372
4846 -37.617 486.485 4396.156
4847 -387.347 340.411 4402.027
4848 -201.647 15.386 4396.641
4849 -219.317 -25.979 4393.939
4850 -38.487 528.122 4398.994
4851 -208.407 26.859 4396.728
4852 -569.877 -93.986 4391.553
4853 -504.297 244.012 4401.691
4854 -463.707 161.495 4399.990
4855 -351.157 -132.009 4394.334
4856 -439.717 -4.249 4401.344
4857 -520.537 195.503 4405.082
4858 -596.267 -108.535 4391.578
4859 -413.697 -288.025 4393.486
4860 378.363 287.155 4401.653
4861 -219.337 -234.264 4400.076
4862 -375.267 304.027 4399.876
4863 -180.367 416.339 4398.486
4864 -315.517 -106.623 4400.492
4865 -232.657 413.592 4400.293
4866 -504.917 34.074 4398.144
4867 -518.017 296.343 4406.610
4868 -246.177 -55.971 4394.342
4869 -232.747 -48.403 4394.061
4870 -519.387 266.438 4404.012
4871 -493.377 251.496 4402.092
4872 -547.347 252.498 4406.361
4873 -255.827 -46.913 4394.256
4874 -492.087 281.492 4403.008
4875 -295.527 -55.804 4395.585
4876 -556.897 -101.071 4391.553
4877 -230.467 401.470 4399.380
4878 -490.697 263.609 4402.444
4879 -401.167 -10.896 4403.949
4880 -543.957 -108.396 4395.792
4881 -167.447 514.140 4401.743
4882 -542.647 -183.505 4393.185
4883 -481.327 153.818 4403.615
4884 -0.747 331.127 4400.093
4885 -491.947 146.315 4401.953
4886 -466.257 130.961 4401.008
4887 -544.727 -114.618 4396.211
4888 -504.797 169.315 4406.334
4889 -543.947 -198.425 4392.104
4890 -621.447 -127.460 4391.555
4891 -478.337 140.206 4399.605
4892 -321.647 439.225 4404.520
4893 -297.397 454.244 4404.440
4894 -257.147 497.095 4405.155
4895 -323.087 469.055 4405.796
4896 -128.497 446.434 4397.483
4897 -362.157 431.040 4405.749
4898 -362.227 446.665 4406.065
4899 -375.057 424.580 4405.632
4900 -323.237 259.168 4395.818
4901 -518.067 11.548 4397.752
4902 -336.217 461.639 4405.449
4903 -336.057 446.606 4405.220
4904 -115.517 424.211 4397.284
4905 -310.207 507.461 4405.755
4906 -258.237 431.691 4402.033
4907 -193.257 469.105 4401.363
4908 -271.117 262.115 4394.915
4909 -245.277 454.225 4402.319
4910 -452.967 32.776 4405.025
4911 -253.187 406.238 4401.292
4912 -375.217 288.896 4400.256
4913 -271.687 394.540 4401.349
4914 -465.947 26.523 4401.174
4915 -362.247 266.581 4399.009
4916 -354.657 312.997 4400.310
4917 -180.297 476.675 4401.121
4918 -283.687 401.199 4402.327
4919 -141.317 423.907 4397.360
4920 -388.147 416.569 4405.915
4921 -141.527 408.956 4397.128
4922 -375.137 274.078 4399.568
4923 -388.537 462.103 4406.907
4924 -141.357 394.017 4396.849
4925 -154.437 416.451 4397.274
4926 -323.257 229.927 4395.315
4927 -360.847 476.548 4406.329
4928 -167.207 424.355 4398.224
4929 -154.407 386.498 4396.408
4930 -479.097 -85.959 4397.171
4931 -453.097 -70.953 4397.363
4932 -466.047 -63.366 4397.361
4933 -453.087 -85.885 4396.953
4934 -245.167 499.172 4405.047
4935 -466.137 -78.386 4397.542
4936 -362.237 -78.358 4399.228
4937 -284.377 551.841 4405.980
4938 -479.007 -70.980 4397.157
4939 -491.667 -107.837 4396.188
4940 -283.927 71.614 4394.021
4941 -219.457 423.920 4400.389
4942 -311.017 536.715 4406.011
4943 -479.047 19.036 4399.146
4944 -505.017 124.017 4400.329
4945 -336.417 523.132 4406.592
4946 -440.137 161.546 4396.630
4947 -531.057 169.075 4402.821
4949 -312.167 461.775 4404.955
4950 -323.077 454.390 4405.059
4951 -349.397 155.403 4393.439
4952 -349.107 165.572 4393.679
4953 -310.137 282.000 4397.126
4954 -335.997 191.773 4393.779
4955 -439.497 114.913 4398.312
4956 -621.647 -93.787 4391.515
4957 -517.887 86.947 4397.017
4958 -414.097 371.409 4404.532
4959 -271.517 438.689 4403.633
4960 -284.167 432.198 4403.668
4961 -244.917 423.518 4401.469
4962 -212.717 34.293 4396.783
4963 -140.507 454.328 4397.771
4964 -33.567 516.843 4397.954
4965 -439.027 401.461 4406.471
4966 -428.067 367.552 4405.064
4967 -284.277 491.775 4404.991
4968 -271.217 -25.943 4395.432
4969 -428.087 348.941 4403.430
4970 -504.997 -70.946 4397.060
4971 -427.667 -71.280 4397.630
4972 -425.887 -10.001 4403.328
4973 -479.247 -26.709 4398.360
4974 -546.497 -73.232 4396.282
4975 -284.267 521.962 4405.469
4976 -532.007 -164.282 4396.294
4977 -283.467 -3.324 4395.825
4978 -258.207 -33.385 4394.675
4979 -518.017 54.700 4397.613
4980 -453.057 19.022 4401.985
4981 -479.107 -100.920 4396.456
4982 -427.207 378.991 4405.416
4983 -271.297 -4.141 4395.771
4984 -310.227 114.954 4393.964
4985 -440.157 23.659 4406.185
4986 -306.997 71.511 4394.227
4987 -466.087 -152.403 4392.706
4988 -271.207 -10.766 4395.597
4989 -336.067 56.762 4394.191
4990 2.353 431.635 4397.547
4991 -438.537 10.877 4404.650
4992 -434.327 356.660 4404.061
4993 14.533 440.352 4397.856
4994 -256.787 -18.416 4393.989
4995 -427.057 -115.902 4396.448
4996 -297.227 96.008 4394.126
4997 -258.287 446.679 4402.926
4998 -284.277 101.622 4393.805
4999 -24.607 461.605 4396.215
5000 -39.137 438.626 4396.076
5001 -297.107 109.290 4393.909
5002 -326.277 64.046 4394.391
5003 -531.067 -100.960 4396.467
5004 4.343 464.166 4396.716
5005 -533.037 -175.135 4392.842
5006 -466.077 416.776 4408.885
5007 -440.067 431.331 4408.264
5008 -465.997 86.864 4400.002
5009 -413.997 11.617 4405.055
5010 -516.637 -154.611 4396.229
5011 -401.077 4.116 4403.120
5012 -514.887 -163.010 4393.100
5013 -517.957 -138.421 4396.349
5014 -271.247 199.046 4393.761
5015 -257.797 221.456 4393.979
5016 -281.867 206.477 4394.594
5017 -270.117 379.328 4400.026
5018 -258.527 236.043 4394.281
5019 -401.037 19.087 4401.148
5020 -401.647 284.022 4401.194
5021 -388.187 251.622 4399.690
5022 -413.947 417.347 4406.653
5023 -152.857 401.518 4397.015
5024 264.053 221.054 4399.256
5025 -271.147 211.195 4393.966
5026 -400.637 274.417 4400.787
5027 -413.767 447.378 4407.206
5028 -388.247 296.461 4400.619
5029 -375.137 318.983 4400.663
5030 -596.027 -138.639 4391.546
5031 -323.187 288.949 4398.721
5032 -333.597 266.540 4397.416
5033 -507.927 -162.467 4392.824
5034 -518.017 41.444 4397.882
5035 -115.567 409.149 4396.873
5036 -349.247 439.189 4405.493
5037 -518.007 26.537 4397.734
5038 -232.267 371.450 4398.451
5039 -219.347 363.972 4397.040
5040 -492.157 177.807 4405.683
5041 -284.227 326.496 4398.136
5042 -336.367 310.594 4399.749
5043 -297.247 348.940 4400.123
5044 -349.157 304.023 4399.750
5045 -271.217 333.922 4397.547
5046 -427.077 -85.863 4396.586
5047 -258.087 386.273 4400.467
5048 -322.817 423.760 4404.117
5049 -323.327 303.929 4399.197
5050 -440.087 -78.479 4397.538
5051 -297.367 363.968 4401.239
5052 -414.167 -63.466 4397.751
5053 -377.727 375.339 4403.346
5054 -351.087 349.400 4401.425
5055 -387.467 326.484 4401.807
5056 -362.077 371.711 4403.301
5057 -362.127 387.557 4403.989
5058 -310.987 431.741 4404.010
5059 -374.727 -115.702 4397.097
5060 -387.677 387.256 4405.166
5061 -360.317 71.389 4395.151
5062 -546.267 -139.713 4396.132
5063 -323.147 -100.091 4401.048
5064 -323.237 -83.613 4399.074
5065 -349.127 64.024 4394.477
5066 -323.177 49.026 4394.289
5067 -377.037 -129.878 4396.418
5068 -477.247 -131.269 4396.280
5069 -362.337 -124.563 4396.609
5070 -336.167 71.497 4394.292
5071 -543.907 -123.431 4396.347
5072 -387.857 -108.212 4396.958
5073 -479.517 198.723 4401.266
5074 -167.227 408.621 4397.372
5075 -466.157 221.522 4401.800
5076 -479.307 280.345 4402.550
5077 -245.177 378.981 4399.852
5078 -556.927 -130.889 4396.030
5079 -543.887 -153.351 4396.092
5080 -478.767 288.117 4403.553
5081 -232.207 386.366 4399.444
5082 -453.047 184.025 4399.378
5083 -479.237 185.670 4401.940
5084 -531.047 -145.880 4396.019
5085 -375.157 140.048 4395.379
5086 -311.367 236.419 4395.285
5087 -308.837 -93.943 4397.737
5088 -180.287 400.643 4397.387
5089 -362.237 -34.142 4403.472
5090 -375.157 169.054 4396.166
5091 -180.477 431.340 4399.516
5092 -297.257 484.310 4405.124
5093 -296.477 469.564 4405.068
5094 -309.337 476.510 4405.298
5095 -362.137 -93.409 4398.187
5096 -440.117 101.518 4399.959
5097 -492.057 -63.383 4397.514
5098 -517.737 -78.321 4396.972
5099 -466.007 -93.401 4396.421
5100 -517.417 -92.219 4396.524
5101 -362.297 27.476 4395.374
5102 -257.167 24.227 4395.190
5103 -491.997 -48.432 4397.678
5104 -509.817 78.969 4396.996
5105 -492.157 -33.557 4397.462
5106 -528.767 -85.619 4396.605
5107 -531.007 -115.891 4396.039
5108 -479.097 -40.979 4398.238
5109 -219.357 378.930 4398.246
5110 -453.077 259.007 4400.557
5111 -570.007 237.379 4408.542
5112 -333.997 236.275 4395.593
5113 -482.287 34.240 4400.055
5114 -336.247 281.567 4398.653
5115 -303.557 41.671 4394.190
5116 -517.977 -3.557 4397.870
5117 -362.127 281.481 4399.905
5118 -218.957 409.409 4400.079
5119 -335.997 416.765 4404.407
5120 -349.127 274.149 4398.941
5121 -364.937 176.441 4395.523
5122 -387.157 176.521 4396.687
5123 -531.047 19.002 4397.755
5124 -20.227 535.173 4399.265
5125 -531.027 4.011 4397.809
5126 -401.137 -70.859 4398.259
5127 -193.297 424.695 4399.694
5128 -374.927 -43.215 4400.717
5129 -11.087 542.588 4399.957
5130 -336.437 -62.276 4402.797
5131 -375.277 -56.413 4399.408
5132 1.663 551.648 4400.155
5133 -349.117 -101.292 4398.052
5134 -154.387 431.354 4397.488
5136 -374.917 48.467 4396.120
5137 -284.197 341.254 4399.272
5138 -505.047 49.083 4398.115
5139 -270.347 13.525 4394.957
5140 -349.347 -144.739 4392.470
5141 -466.337 266.503 4401.738
5142 -297.707 45.265 4394.050
5143 -310.187 56.546 4394.660
5144 -440.157 -93.392 4396.572
5145 -453.327 290.046 4402.062
5146 -271.297 64.089 4393.514
5147 -270.977 408.447 4401.755
5148 -427.137 109.031 4398.612
5149 -479.147 259.007 4401.694
5150 -453.107 274.008 4401.273
5151 -219.317 484.234 4403.369
5152 -322.397 243.619 4395.797
5153 -245.247 469.151 4402.828
5154 -232.237 477.546 4402.977
5155 -259.507 566.812 4405.658
5156 -231.607 552.187 4405.136
5157 -245.427 514.845 4404.908
5158 -271.177 -40.451 4395.005
5159 -193.067 499.151 4403.603
5160 -375.117 394.190 4404.585
5161 -258.087 506.655 4405.145
5162 -205.867 491.739 4403.916
5163 -284.097 461.190 4404.262
5164 -388.087 311.626 4401.035
5165 -427.057 304.035 4402.171
5166 -272.567 499.234 4405.261
5167 -400.837 304.225 4401.444
5168 -349.277 288.554 4398.949
5169 -414.207 221.531 4398.782
5170 -413.237 308.034 4402.087
5171 -401.107 244.074 4399.930
5172 -401.227 258.151 4401.200
5173 -349.337 259.909 4398.130
5174 -478.007 -115.262 4396.524
5175 -349.257 229.059 4396.146
5176 -504.907 258.129 4402.708
5177 -322.797 -71.477 4400.444
5178 -414.127 236.564 4399.922
5179 -323.147 211.529 4394.379
5180 -280.567 -63.371 4394.283
5181 -102.297 416.836 4396.820
5182 -492.087 -123.404 4396.136
5183 -89.907 560.359 4401.907
5184 -206.187 371.394 4397.154
5185 -294.507 -115.912 4394.461
5186 -399.907 50.230 4398.860
5187 -386.387 -33.279 4400.477
5188 -386.797 221.236 4397.037
5189 -322.387 -114.039 4401.060
5190 -296.967 -41.543 4395.561
5191 -517.837 101.534 4398.396
5192 158.753 311.845 4399.358
5193 -505.117 215.162 4401.429
5194 -492.037 -93.440 4397.180
5195 -359.057 161.555 4394.139
5196 -178.787 386.535 4396.939
5197 -387.567 146.520 4396.214
5198 -375.977 179.012 4396.094
5199 -517.937 221.559 4401.351
5200 -440.147 -63.435 4397.463
5201 -530.957 139.065 4398.815
5202 -388.177 161.485 4396.551
5203 -440.087 191.495 4398.319
5204 -233.677 12.230 4396.252
5205 -228.547 19.089 4396.307
5206 -241.917 11.359 4396.239
5207 -244.007 31.709 4396.140
5208 -222.277 18.827 4396.383
5209 -230.977 39.149 4396.919
5210 -427.107 93.061 4399.244
5211 -388.167 -63.451 4398.987
5212 -221.537 44.294 4397.940
5213 -167.377 379.063 4396.825
5214 -426.967 124.106 4398.060
5215 -518.057 116.519 4398.495
5216 -349.107 424.188 4405.004
5217 -325.907 4.595 4396.453
5218 -527.717 117.626 4398.165
5219 -491.847 206.503 4401.422
5220 -517.997 236.464 4401.772
5221 -466.137 206.529 4401.493
5222 -335.217 11.286 4395.889
5223 -479.057 214.043 4402.444
5224 -491.917 191.333 4403.905
5225 -349.267 244.077 4396.716
5226 -335.697 25.339 4394.921
5227 -348.667 18.549 4396.568
5228 -530.937 49.024 4397.523
5229 -387.607 42.410 4398.635
5230 -309.617 11.469 4396.113
5231 -307.177 -4.718 4396.175
5232 -351.947 -111.908 4397.785
5233 -375.637 258.987 4399.078
5234 -362.097 236.502 4396.970
5235 -544.297 56.526 4396.927
5236 -426.737 276.022 4400.756
5237 -167.317 393.825 4396.879
5238 -570.347 56.593 4396.631
5239 -560.827 46.264 4397.452
5240 -362.017 -108.221 4397.994
5241 -417.617 58.320 4399.883
5242 -414.027 131.568 4396.789
5243 -284.117 476.510 4404.652
5244 -414.147 116.574 4397.592
5246 -569.967 -33.391 4396.855
5247 -569.817 116.502 4398.017
5248 -362.127 -62.605 4399.667
5249 -531.037 93.965 4396.602
5250 -102.387 -303.225 4398.754
5253 -154.307 266.921 4394.465
5254 -503.887 -100.715 4396.372
5307 143.843 -355.460 4412.960
5312 -440.057 -18.409 4399.457
5313 -414.087 -33.374 4399.253
5316 -361.817 296.191 4399.833
5317 -401.187 318.974 4401.289
5320 327.263 49.177 4401.195
5321 157.643 462.818 4399.928
5322 -206.127 -93.089 4394.069
5323 181.143 431.811 4400.090
5325 470.503 11.589 4402.043
5327 -297.087 424.042 4403.546
5328 274.343 -251.569 4410.175
5329 521.213 -18.797 4403.962
5330 -401.877 362.963 4403.949
5331 -100.677 -214.007 4395.262
5332 350.873 302.890 4401.278
5333 324.793 197.605 4399.001
5334 443.073 -153.065 4406.469
5335 104.213 -336.321 4413.860
5336 482.053 -144.982 4405.187
5337 -323.197 394.213 4403.234
5339 209.603 -138.594 4402.908
5340 262.113 -108.356 4401.474
5342 271.733 -225.966 4409.290
5346 -323.147 318.867 4399.828
5347 520.943 -242.764 4406.903
5348 10.423 -549.455 4415.844
5349 495.093 -198.054 4406.587
5350 262.693 102.128 4399.452
5351 -127.277 -183.204 4395.684
5352 158.183 -198.480 4405.556
5353 365.283 -227.978 4409.118
5354 509.403 80.284 4402.095
5355 378.363 287.155 4401.498
5356 327.263 49.177 4401.040
5357 104.893 -514.895 4414.610
5358 209.343 -482.792 4414.035
5359 66.603 -280.639 4409.271
5360 274.293 94.337 4399.400
5361 -427.057 32.128 4403.669
5362 264.053 221.054 4399.136
5363 -315.517 -106.623 4400.372
5364 -232.237 161.894 4396.763
5365 -0.747 331.127 4399.454
5366 -102.387 -303.225 4398.599
5367 -206.297 -438.103 4398.642
5368 -89.647 513.753 4400.711
5369 -219.337 -234.264 4399.921
5370 -167.207 424.355 4398.379
5371 158.753 311.845 4399.203
5372 -362.047 11.665 4396.261
